#
# There is insufficient memory for the Java Runtime Environment to continue.
# Native memory allocation (mmap) failed to map 16777216 bytes. Error detail: Failed to reserve memory for metaspace
# Possible reasons:
#   The system is out of physical RAM or swap space
#   In 32 bit mode, the process size limit was hit
# Possible solutions:
#   Reduce memory load on the system
#   Increase physical memory or swap space
#   Check if swap backing store is full
#   Use 64 bit Java on a 64 bit OS
#   Decrease Java heap size (-Xmx/-Xms)
#   Decrease number of Java threads
#   Decrease Java thread stack sizes (-Xss)
#   Set larger code cache with -XX:ReservedCodeCacheSize=
# This output file may be truncated or incomplete.
#
#  Out of Memory Error (virtualSpaceNode.cpp:249), pid=12404, tid=16144
#
# JRE version: OpenJDK Runtime Environment Temurin-17.0.11+9 (17.0.11+9) (build 17.0.11+9)
# Java VM: OpenJDK Client VM Temurin-17.0.11+9 (17.0.11+9, mixed mode, emulated-client, serial gc, windows-x86)
# No core dump will be written. Minidumps are not enabled by default on client versions of Windows
#

---------------  S U M M A R Y ------------

Command Line: --add-opens=java.base/java.lang=ALL-UNNAMED --add-opens=java.base/java.lang.invoke=ALL-UNNAMED --add-opens=java.base/java.util=ALL-UNNAMED --add-opens=java.prefs/java.util.prefs=ALL-UNNAMED --add-exports=jdk.compiler/com.sun.tools.javac.api=ALL-UNNAMED --add-exports=jdk.compiler/com.sun.tools.javac.util=ALL-UNNAMED --add-opens=java.base/java.util=ALL-UNNAMED --add-opens=java.prefs/java.util.prefs=ALL-UNNAMED --add-opens=java.base/java.nio.charset=ALL-UNNAMED --add-opens=java.base/java.net=ALL-UNNAMED --add-opens=java.base/java.util.concurrent.atomic=ALL-UNNAMED --add-opens=java.xml/javax.xml.namespace=ALL-UNNAMED -Xmx1536m -Dfile.encoding=windows-1252 -Duser.country=US -Duser.language=en -Duser.variant -javaagent:C:\Users\Ahmad\.gradle\wrapper\dists\gradle-8.11.1-bin\bpt9gzteqjrbo1mjrsomdt32c\gradle-8.11.1\lib\agents\gradle-instrumentation-agent-8.11.1.jar org.gradle.launcher.daemon.bootstrap.GradleDaemon 8.11.1

Host: Intel(R) Core(TM) i5-6200U CPU @ 2.30GHz, 4 cores, 7G,  Windows 10 , 64 bit Build 19041 (10.0.19041.7663)
Time: Thu Aug 20 15:52:57 2026 Pakistan Standard Time elapsed time: 5730.262766 seconds (0d 1h 35m 30s)

---------------  T H R E A D  ---------------

Current thread (0x6b6b87d8):  JavaThread "WorkerExecutor Queue Thread 2" [_thread_in_vm, id=16144, stack(0x6a920000,0x6a970000)]

Stack: [0x6a920000,0x6a970000]
Java frames: (J=compiled Java code, j=interpreted, Vv=VM code)
J 754  java.lang.ClassLoader.defineClass1(Ljava/lang/ClassLoader;Ljava/lang/String;[BIILjava/security/ProtectionDomain;Ljava/lang/String;)Ljava/lang/Class; java.base@17.0.11 (0 bytes) @ 0x034b17d7 [0x034b1720+0x000000b7]
J 1206 c1 java.lang.ClassLoader.defineClass(Ljava/lang/String;[BIILjava/security/ProtectionDomain;)Ljava/lang/Class; java.base@17.0.11 (43 bytes) @ 0x03551ecc [0x03551e10+0x000000bc]
J 3324 c1 java.net.URLClassLoader.defineClass(Ljava/lang/String;Ljdk/internal/loader/Resource;)Ljava/lang/Class; java.base@17.0.11 (224 bytes) @ 0x038101e4 [0x0380f950+0x00000894]
J 3313 c1 java.net.URLClassLoader$1.run()Ljava/lang/Class; java.base@17.0.11 (81 bytes) @ 0x0380b728 [0x0380b510+0x00000218]
J 712 c1 java.net.URLClassLoader.findClass(Ljava/lang/String;)Ljava/lang/Class; java.base@17.0.11 (47 bytes) @ 0x034a88d0 [0x034a8810+0x000000c0]
J 6432 c1 org.gradle.internal.classloader.VisitableURLClassLoader$InstrumentingVisitableURLClassLoader.findClass(Ljava/lang/String;)Ljava/lang/Class; (36 bytes) @ 0x03bd0a18 [0x03bd09d0+0x00000048]
J 658 c1 java.lang.ClassLoader.loadClass(Ljava/lang/String;Z)Ljava/lang/Class; java.base@17.0.11 (121 bytes) @ 0x0349332c [0x03493160+0x000001cc]
J 666 c1 java.lang.ClassLoader.loadClass(Ljava/lang/String;)Ljava/lang/Class; java.base@17.0.11 (7 bytes) @ 0x03495e4c [0x03495e20+0x0000002c]
v  ~StubRoutines::call_stub
j  com.android.tools.r8.internal.ER.a(Lcom/android/tools/r8/graph/y;Lcom/android/tools/r8/utils/i;Lcom/android/tools/r8/internal/f40;Lcom/android/tools/r8/internal/Ti;)Lcom/android/tools/r8/naming/b;+130
j  com.android.tools.r8.internal.ER.a(Lcom/android/tools/r8/utils/i;Lcom/android/tools/r8/graph/y;Lcom/android/tools/r8/internal/Ar0;Lcom/android/tools/r8/internal/f40;Lcom/android/tools/r8/internal/Ti;)Lcom/android/tools/r8/naming/J0;+232
j  com.android.tools.r8.dex.k.a(Lcom/android/tools/r8/utils/i;Ljava/util/concurrent/ExecutorService;)V+620
j  com.android.tools.r8.R8.a(Lcom/android/tools/r8/graph/y;Lcom/android/tools/r8/utils/i;Ljava/util/concurrent/ExecutorService;)V+93
j  com.android.tools.r8.R8.a(Lcom/android/tools/r8/utils/i;Ljava/util/concurrent/ExecutorService;)V+4299
j  com.android.tools.r8.R8.c(Lcom/android/tools/r8/utils/i;Lcom/android/tools/r8/internal/MI;Ljava/util/concurrent/ExecutorService;)V+44
j  com.android.tools.r8.R8.b(Lcom/android/tools/r8/utils/i;Lcom/android/tools/r8/internal/MI;Ljava/util/concurrent/ExecutorService;)V+4
j  com.android.tools.r8.R8$$Lambda$2679+0x7c33a578.run()V+12
j  com.android.tools.r8.internal.Nu.a(Lcom/android/tools/r8/internal/Me0;Lcom/android/tools/r8/internal/Nu$a;)V+2
j  com.android.tools.r8.R8.a(Lcom/android/tools/r8/utils/i;Lcom/android/tools/r8/internal/MI;)V+17
j  com.android.tools.r8.R8.run(Lcom/android/tools/r8/R8Command;)V+8
j  com.android.builder.dexing.R8Tool.runR8(Ljava/util/Collection;Ljava/nio/file/Path;Ljava/nio/file/Path;Ljava/nio/file/Path;Ljava/util/Collection;Ljava/util/Collection;Lcom/android/builder/dexing/ToolConfig;Lcom/android/builder/dexing/ProguardConfig;Lcom/android/builder/dexing/MainDexListConfig;Lcom/android/builder/dexing/ResourceShrinkingConfig;Lcom/android/ide/common/blame/MessageReceiver;ZLjava/util/Collection;Ljava/util/Collection;Ljava/nio/file/Path;Ljava/nio/file/Path;Ljava/lang/String;Ljava/nio/file/Path;Ljava/nio/file/Path;Ljava/nio/file/Path;Ljava/nio/file/Path;Lcom/android/builder/dexing/PartialShrinkingConfig;)V+1514
j  com.android.build.gradle.internal.tasks.R8Task$Companion.shrink(Ljava/util/List;IZZZZLjava/util/List;Ljava/util/List;Ljava/io/File;ZZLjava/util/List;Ljava/util/List;Ljava/io/File;Ljava/util/Collection;Ljava/io/File;Ljava/util/List;ZLjava/io/File;Ljava/io/File;Ljava/io/File;Ljava/io/File;Ljava/io/File;Ljava/io/File;Ljava/io/File;Ljava/util/List;Ljava/util/List;Ljava/io/File;Ljava/io/File;Ljava/lang/String;Lcom/android/build/gradle/options/SyncOptions$ErrorFormatMode;Ljava/io/File;Ljava/io/File;Ljava/io/File;Ljava/io/File;Lcom/android/builder/dexing/ResourceShrinkingConfig;Lcom/android/builder/dexing/PartialShrinkingConfig;)V+1349
j  com.android.build.gradle.internal.tasks.R8Task$R8Runnable.execute()V+1028
j  org.gradle.workers.internal.DefaultWorkerServer.execute(Lorg/gradle/workers/internal/SimpleActionExecutionSpec;)Lorg/gradle/workers/internal/DefaultWorkResult;+128
j  org.gradle.workers.internal.NoIsolationWorkerFactory$1$1.create()Lorg/gradle/workers/internal/DefaultWorkResult;+29
j  org.gradle.workers.internal.NoIsolationWorkerFactory$1$1.create()Ljava/lang/Object;+1
j  org.gradle.internal.classloader.ClassLoaderUtils.executeInClassloader(Ljava/lang/ClassLoader;Lorg/gradle/internal/Factory;)Ljava/lang/Object;+15
j  org.gradle.workers.internal.NoIsolationWorkerFactory$1.lambda$execute$0(Ljava/lang/ClassLoader;Lorg/gradle/workers/WorkerExecutor;Lorg/gradle/workers/internal/IsolatedParametersActionExecutionSpec;)Lorg/gradle/workers/internal/DefaultWorkResult;+10
j  org.gradle.workers.internal.NoIsolationWorkerFactory$1$$Lambda$1781+0x7ad77550.execute(Lorg/gradle/workers/internal/IsolatedParametersActionExecutionSpec;)Lorg/gradle/workers/internal/DefaultWorkResult;+13
j  org.gradle.workers.internal.AbstractWorker$1.call(Lorg/gradle/internal/operations/BuildOperationContext;)Lorg/gradle/workers/internal/DefaultWorkResult;+8
j  org.gradle.workers.internal.AbstractWorker$1.call(Lorg/gradle/internal/operations/BuildOperationContext;)Ljava/lang/Object;+2
J 5574 c1 org.gradle.internal.operations.DefaultBuildOperationRunner$CallableBuildOperationWorker.execute(Lorg/gradle/internal/operations/BuildOperation;Lorg/gradle/internal/operations/BuildOperationContext;)V (10 bytes) @ 0x03ada4e4 [0x03ada470+0x00000074]
J 5387 c1 org.gradle.internal.operations.DefaultBuildOperationRunner$2.execute(Lorg/gradle/internal/operations/BuildOperationDescriptor;Lorg/gradle/internal/operations/BuildOperationState;Lorg/gradle/internal/operations/BuildOperationState;Lorg/gradle/internal/operations/DefaultBuildOperationRunner$ReadableBuildOperationContext;Lorg/gradle/internal/operations/DefaultBuildOperationRunner$BuildOperationExecutionListener;)Lorg/gradle/internal/operations/BuildOperation; (110 bytes) @ 0x03aa94e0 [0x03aa9480+0x00000060]
J 8876 c1 org.gradle.internal.operations.DefaultBuildOperationRunner$2.execute(Lorg/gradle/internal/operations/BuildOperationDescriptor;Lorg/gradle/internal/operations/BuildOperationState;Lorg/gradle/internal/operations/BuildOperationState;Lorg/gradle/internal/operations/DefaultBuildOperationRunner$ReadableBuildOperationContext;Lorg/gradle/internal/operations/DefaultBuildOperationRunner$BuildOperationExecutionListener;)Ljava/lang/Object; (12 bytes) @ 0x03e5dae0 [0x03e5daa0+0x00000040]
J 8872 c1 org.gradle.internal.operations.DefaultBuildOperationRunner.execute(Lorg/gradle/internal/operations/BuildOperationDescriptor$Builder;Lorg/gradle/internal/operations/BuildOperationState;Lorg/gradle/internal/operations/DefaultBuildOperationRunner$BuildOperationExecution;)Ljava/lang/Object; (147 bytes) @ 0x03e5cd08 [0x03e5c920+0x000003e8]
J 5572 c1 org.gradle.internal.operations.DefaultBuildOperationRunner.call(Lorg/gradle/internal/operations/CallableBuildOperation;)Ljava/lang/Object; (24 bytes) @ 0x03ad9e88 [0x03ad9d10+0x00000178]
j  org.gradle.workers.internal.AbstractWorker.executeWrappedInBuildOperation(Lorg/gradle/workers/internal/IsolatedParametersActionExecutionSpec;Lorg/gradle/internal/operations/BuildOperationRef;Lorg/gradle/workers/internal/AbstractWorker$Work;)Lorg/gradle/workers/internal/DefaultWorkResult;+15
j  org.gradle.workers.internal.NoIsolationWorkerFactory$1.execute(Lorg/gradle/workers/internal/IsolatedParametersActionExecutionSpec;Lorg/gradle/internal/operations/BuildOperationRef;)Lorg/gradle/workers/internal/DefaultWorkResult;+17
j  org.gradle.workers.internal.DefaultWorkerExecutor.lambda$submitWork$0(Lorg/gradle/workers/internal/WorkerFactory;Lorg/gradle/workers/internal/WorkerRequirement;Lorg/gradle/workers/internal/IsolatedParametersActionExecutionSpec;Lorg/gradle/internal/operations/BuildOperationRef;)Lorg/gradle/workers/internal/DefaultWorkResult;+13
j  org.gradle.workers.internal.DefaultWorkerExecutor$$Lambda$1780+0x7ad75a00.call()Ljava/lang/Object;+16
J 5397 c1 java.util.concurrent.FutureTask.run()V java.base@17.0.11 (123 bytes) @ 0x03aab844 [0x03aab740+0x00000104]
j  org.gradle.internal.work.DefaultConditionalExecutionQueue$ExecutionRunner.runExecution(Lorg/gradle/internal/work/ConditionalExecution;)V+6
j  org.gradle.internal.work.DefaultConditionalExecutionQueue$ExecutionRunner.access$700(Lorg/gradle/internal/work/DefaultConditionalExecutionQueue$ExecutionRunner;Lorg/gradle/internal/work/ConditionalExecution;)V+2
j  org.gradle.internal.work.DefaultConditionalExecutionQueue$ExecutionRunner$1.run()V+14
j  org.gradle.internal.Factories$1.create()Ljava/lang/Object;+4
j  org.gradle.internal.work.DefaultWorkerLeaseService.withLocks(Ljava/util/Collection;Lorg/gradle/internal/Factory;)Ljava/lang/Object;+28
j  org.gradle.internal.work.DefaultWorkerLeaseService.runAsWorkerThread(Lorg/gradle/internal/Factory;)Ljava/lang/Object;+33
j  org.gradle.internal.work.DefaultWorkerLeaseService.runAsWorkerThread(Ljava/lang/Runnable;)V+5
j  org.gradle.internal.work.DefaultConditionalExecutionQueue$ExecutionRunner.runBatch(Lorg/gradle/internal/work/ConditionalExecution;)V+16
j  org.gradle.internal.work.DefaultConditionalExecutionQueue$ExecutionRunner.run()V+11
J 12665 c1 java.util.concurrent.Executors$RunnableAdapter.call()Ljava/lang/Object; java.base@17.0.11 (14 bytes) @ 0x042d5250 [0x042d5220+0x00000030]
J 5397 c1 java.util.concurrent.FutureTask.run()V java.base@17.0.11 (123 bytes) @ 0x03aab844 [0x03aab740+0x00000104]
J 12606 c1 org.gradle.internal.concurrent.AbstractManagedExecutor$1.run()V (57 bytes) @ 0x042bed58 [0x042becd0+0x00000088]
J 13012 c1 java.util.concurrent.ThreadPoolExecutor.runWorker(Ljava/util/concurrent/ThreadPoolExecutor$Worker;)V java.base@17.0.11 (187 bytes) @ 0x043351f8 [0x04334fb0+0x00000248]
j  java.util.concurrent.ThreadPoolExecutor$Worker.run()V+5 java.base@17.0.11
j  java.lang.Thread.run()V+11 java.base@17.0.11
v  ~StubRoutines::call_stub

Compiled method (n/a) 5730495  754     n       java.lang.ClassLoader::defineClass1 (native)
 total in heap  [0x034b1608,0x034b1910] = 776
 relocation     [0x034b16ec,0x034b1714] = 40
 main code      [0x034b1720,0x034b1910] = 496

[Constant Pool (empty)]

[MachCode]
[Entry Point]
  # {method} {0x6d01ba0c} 'defineClass1' '(Ljava/lang/ClassLoader;Ljava/lang/String;[BIILjava/security/ProtectionDomain;Ljava/lang/String;)Ljava/lang/Class;' in 'java/lang/ClassLoader'
  # parm0:    ecx       = 'java/lang/ClassLoader'
  # parm1:    edx       = 'java/lang/String'
  # parm2:    [sp+0x40]   = '[B'  (sp of caller)
  # parm3:    [sp+0x44]   = int
  # parm4:    [sp+0x48]   = int
  # parm5:    [sp+0x4c]   = 'java/security/ProtectionDomain'
  # parm6:    [sp+0x50]   = 'java/lang/String'
  0x034b1720: 3b41 040f | 8407 0000 

  0x034b1728: ;   {runtime_call ic_miss_stub}
  0x034b1728: 00e9 a2f0 | eeff 6690 
[Verified Entry Point]
  0x034b1730: 8984 2400 | c0ff ff55 | 8bec 83ec | 3864 8b3c | 2500 0000 | 008b 7ff4 | 894c 2424 | 33c0 83f9 
  0x034b1750: 000f 8404 | 0000 008d | 4424 2489 | 4424 0889 | 5424 2833 | c083 fa00 | 0f84 0400 | 0000 8d44 
  0x034b1770: 2428 8944 | 240c 33c0 | 817d 0800 | 0000 000f | 8403 0000 | 008d 4508 | 8944 2410 | 8b45 0c89 
  0x034b1790: 4424 148b | 4510 8944 | 2418 33c0 | 817d 1400 | 0000 000f | 8403 0000 | 008d 4514 | 8944 241c 
  0x034b17b0: 33c0 817d | 1800 0000 | 000f 8403 | 0000 008d | 4518 8944 

  0x034b17c4: ;   {oop(a 'java/lang/Class'{0x2545d348} = 'java/lang/ClassLoader')}
  0x034b17c4: 2420 be48 | d345 2589 | 7424 2c8d | 7424 2c89 | 7424 04c5 

  0x034b17d8: ;   {internal_word}
  0x034b17d8: f877 c787 | f401 0000 | d717 4b03 | 89a7 f001 

  0x034b17e8: ;   {external_word}
  0x034b17e8: 0000 803d | dc54 8767 | 000f 840f 

  0x034b17f4: ;   {metadata({method} {0x6d01ba0c} 'defineClass1' '(Ljava/lang/ClassLoader;Ljava/lang/String;[BIILjava/security/ProtectionDomain;Ljava/lang/String;)Ljava/lang/Class;' in 'java/lang/ClassLoader')}
  0x034b17f4: 0000 00b8 | 08ba 016d 

  0x034b17fc: ;   {runtime_call}
  0x034b17fc: 5057 e81d | d41c 6483 | c408 8d97 | 0002 0000 | 8914 24c7 | 874c 0200 | 0004 0000 

  0x034b1818: ;   {runtime_call}
  0x034b1818: 00e8 40fe | 7567 c5f8 | 77c7 874c | 0200 0005 | 0000 00f0 | 8344 24c0 | 003b af50 | 0200 000f 
  0x034b1838: 8710 0000 | 0081 bf40 | 0200 0000 | 0000 000f | 8412 0000 | 00c5 f877 | 8945 fc57 

  0x034b1854: ;   {runtime_call}
  0x034b1854: e8c7 8126 | 6483 c404 | 8b45 fcc7 | 874c 0200 | 0008 0000 | 0081 bf70 | 0200 0002 | 0000 000f 
  0x034b1874: 8478 0000 

  0x034b1878: ;   {external_word}
  0x034b1878: 0080 3ddc | 5487 6700 | 0f84 1500 | 0000 8945 

  0x034b1888: ;   {metadata({method} {0x6d01ba0c} 'defineClass1' '(Ljava/lang/ClassLoader;Ljava/lang/String;[BIILjava/security/ProtectionDomain;Ljava/lang/String;)Ljava/lang/Class;' in 'java/lang/ClassLoader')}
  0x034b1888: fcb8 08ba | 016d 5057 

  0x034b1890: ;   {runtime_call}
  0x034b1890: e88b d31c | 6483 c408 | 8b45 fcc7 | 87f0 0100 | 0000 0000 | 00c7 87f4 | 0100 0000 | 0000 00c5 
  0x034b18b0: f877 85c0 | 0f84 1600 | 0000 f7c0 | 0100 0000 | 0f84 0800 | 0000 8b40 | ffe9 0200 | 0000 8b00 
  0x034b18d0: 8b8f b800 | 0000 c781 | 8000 0000 | 0000 0000 | 817f 0400 | 0000 000f | 8517 0000 | 008b e55d 
  0x034b18f0: c3c5 f877 

  0x034b18f4: ;   {runtime_call}
  0x034b18f4: 8945 fce8 | 34fb 1c64 | 8b45 fce9 | 75ff ffff | 0f77 8be5 

  0x034b1908: ;   {runtime_call StubRoutines (1)}
  0x034b1908: 5de9 02f0 | eaff f4f4 
[/MachCode]


Compiled method (c1) 5730578 1206             java.lang.ClassLoader::defineClass (43 bytes)
 total in heap  [0x03551cc8,0x03552158] = 1168
 relocation     [0x03551dac,0x03551e0c] = 96
 main code      [0x03551e10,0x03551f70] = 352
 stub code      [0x03551f70,0x03551fc0] = 80
 metadata       [0x03551fc0,0x03551fd8] = 24
 scopes data    [0x03551fd8,0x0355208c] = 180
 scopes pcs     [0x0355208c,0x0355212c] = 160
 dependencies   [0x0355212c,0x03552134] = 8
 nul chk table  [0x03552134,0x03552158] = 36

[Constant Pool (empty)]

[MachCode]
[Entry Point]
  # {method} {0x6d01b85c} 'defineClass' '(Ljava/lang/String;[BIILjava/security/ProtectionDomain;)Ljava/lang/Class;' in 'java/lang/ClassLoader'
  # this:     ecx       = 'java/lang/ClassLoader'
  # parm0:    edx       = 'java/lang/String'
  # parm1:    [sp+0x60]   = '[B'  (sp of caller)
  # parm2:    [sp+0x64]   = int
  # parm3:    [sp+0x68]   = int
  # parm4:    [sp+0x6c]   = 'java/security/ProtectionDomain'
  0x03551e10: 0f1f 8000 | 0000 003b 

  0x03551e18: ;   {runtime_call ic_miss_stub}
  0x03551e18: 4104 0f85 | b0e9 e4ff 
[Verified Entry Point]
  0x03551e20: 8984 2400 | c0ff ff55 | 83ec 5889 | 4c24 408b | 7424 6c8b | fa8b d789 | 3424 8bf1 | 8bce 897c 
  0x03551e40: ;   {optimized virtual_call}
  0x03551e40: 2444 90e8 

  0x03551e44: ; ImmutableOopMap {[96]=Oop [64]=Oop [68]=Oop }
              ;*invokevirtual preDefineClass {reexecute=0 rethrow=0 return_oop=0}
              ; - java.lang.ClassLoader::defineClass@4 (line 1015)
  0x03551e44: a8da 6901 | 8944 2448 

  0x03551e4c: ; implicit exception: dispatches to 0x03551f04
  0x03551e4c: 8b50 0c83 | fa00 0f85 | 1000 0000 

  0x03551e58: ;   {oop(NULL)}
  0x03551e58: be00 0000 | 0089 7424 | 4c8b f0e9 | 3200 0000 

  0x03551e68: ; implicit exception: dispatches to 0x03551f09
  0x03551e68: 8b52 0883 | fa00 0f85 | 1000 0000 

  0x03551e74: ;   {oop(NULL)}
  0x03551e74: be00 0000 | 0089 7424 | 4c8b f0e9 | 1600 0000 

  0x03551e84: ; implicit exception: dispatches to 0x03551f0e
  0x03551e84: 8b4a 343b 

  0x03551e88: ;   {optimized virtual_call}
  0x03551e88: 0166 90e8 

  0x03551e8c: ; ImmutableOopMap {[96]=Oop [64]=Oop [68]=Oop [72]=Oop }
              ;*invokevirtual toExternalForm {reexecute=0 rethrow=0 return_oop=0}
              ; - java.net.URL::toExternalForm@5 (line 1039)
              ; - java.net.URL::toString@1 (line 1025)
              ; - java.lang.ClassLoader::defineClassSourceLocation@22 (line 917)
              ; - java.lang.ClassLoader::defineClass@12 (line 1016)
  0x03551e8c: 70e7 6901 | 8bf0 8974 | 244c 8b74 | 2448 8b44 | 2468 8b5c | 2464 8b7c | 2460 8b54 | 2444 8b4c 
  0x03551eac: 2440 893c | 2489 5c24 | 0489 4424 | 0889 7424 | 0c8b 7c24 | 4c89 7c24 

  0x03551ec4: ;   {static_call}
  0x03551ec4: 1066 90e8 

  0x03551ec8: ; ImmutableOopMap {[64]=Oop [72]=Oop }
              ;*invokestatic defineClass1 {reexecute=0 rethrow=0 return_oop=0}
              ; - java.lang.ClassLoader::defineClass@27 (line 1017)
  0x03551ec8: 64f8 f5ff | 8bd0 8b4c | 2448 890c | 248b 4c24 | 4089 4424 

  0x03551edc: ;   {optimized virtual_call}
  0x03551edc: 5066 90e8 

  0x03551ee0: ; ImmutableOopMap {[80]=Oop }
              ;*invokevirtual postDefineClass {reexecute=0 rethrow=0 return_oop=0}
              ; - java.lang.ClassLoader::defineClass@37 (line 1018)
  0x03551ee0: 7c1d 0000 | 8b44 2450 | 83c4 585d | 648b 1c25 | 0000 0000 

  0x03551ef4: ;   {poll_return}
  0x03551ef4: 8b5b f43b | a350 0200 | 000f 8715 | 0000 00c3 

  0x03551f04: ;   {runtime_call throw_null_pointer_exception Runtime1 stub}
  0x03551f04: e8d7 1ae3 

  0x03551f08: ; ImmutableOopMap {[96]=Oop [64]=Oop [68]=Oop eax=Oop [72]=Oop }
              ;*invokevirtual getCodeSource {reexecute=0 rethrow=0 return_oop=0}
              ; - java.lang.ClassLoader::defineClassSourceLocation@1 (line 914)
              ; - java.lang.ClassLoader::defineClass@12 (line 1016)
              ;   {runtime_call throw_null_pointer_exception Runtime1 stub}
  0x03551f08: ffe8 d21a 

  0x03551f0c: ; ImmutableOopMap {[96]=Oop [64]=Oop [68]=Oop eax=Oop [72]=Oop }
              ;*invokevirtual getLocation {reexecute=0 rethrow=0 return_oop=0}
              ; - java.lang.ClassLoader::defineClassSourceLocation@12 (line 916)
              ; - java.lang.ClassLoader::defineClass@12 (line 1016)
              ;   {runtime_call throw_null_pointer_exception Runtime1 stub}
  0x03551f0c: e3ff e8cd 

  0x03551f10: ; ImmutableOopMap {[96]=Oop [64]=Oop [68]=Oop [72]=Oop edx=Oop }
              ;*invokevirtual toString {reexecute=0 rethrow=0 return_oop=0}
              ; - java.lang.ClassLoader::defineClassSourceLocation@22 (line 917)
              ; - java.lang.ClassLoader::defineClass@12 (line 1016)
              ;   {runtime_call throw_null_pointer_exception Runtime1 stub}
  0x03551f10: 1ae3 ffe8 

  0x03551f14: ; ImmutableOopMap {[96]=Oop [64]=Oop [68]=Oop [72]=Oop edx=Oop ecx=Oop }
              ;*invokevirtual toExternalForm {reexecute=0 rethrow=0 return_oop=0}
              ; - java.net.URL::toExternalForm@5 (line 1039)
              ; - java.net.URL::toString@1 (line 1025)
              ; - java.lang.ClassLoader::defineClassSourceLocation@22 (line 917)
              ; - java.lang.ClassLoader::defineClass@12 (line 1016)
  0x03551f14: c81a e3ff 

  0x03551f18: ;   {internal_word}
  0x03551f18: 5152 b9f7 | 1e55 0364 | 8b14 2500 | 0000 008b | 52f4 898a | 5c02 0000 

  0x03551f30: ;   {runtime_call SafepointBlob}
  0x03551f30: 5a59 e969 | 39e5 ff90 | 9064 8b34 | 2500 0000 | 008b 76f4 | 8b86 8402 | 0000 c786 | 8402 0000 
  0x03551f50: 0000 0000 | c786 8802 | 0000 0000 | 0000 83c4 

  0x03551f60: ;   {runtime_call unwind_exception Runtime1 stub}
  0x03551f60: 585d e9a9 | 20e3 fff4 | f4f4 f4f4 | f4f4 f4f4 
[Stub Code]
  0x03551f70: ;   {no_reloc}
  0x03551f70: 6690 bbd8 

  0x03551f74: ;   {runtime_call I2C/C2I adapters}
  0x03551f74: b501 6de9 | e73d e5ff 

  0x03551f7c: ;   {static_stub}
  0x03551f7c: 6690 bb38 

  0x03551f80: ;   {runtime_call I2C/C2I adapters}
  0x03551f80: 2724 6de9 | 11e1 e4ff 

  0x03551f88: ;   {static_stub}
  0x03551f88: 6690 bb00 

  0x03551f8c: ;   {runtime_call}
  0x03551f8c: 0000 00e9 | fbff ffff 

  0x03551f94: ;   {static_stub}
  0x03551f94: 6690 bb00 

  0x03551f98: ;   {runtime_call}
  0x03551f98: 0000 00e9 | fbff ffff 
[Exception Handler]
  0x03551fa0: ;   {runtime_call handle_exception_from_callee Runtime1 stub}
  0x03551fa0: e86b 0de3 

  0x03551fa4: ;   {external_word}
  0x03551fa4: ff68 30b7 | 7767 e800 | 0000 0060 

  0x03551fb0: ;   {runtime_call}
  0x03551fb0: e8ab 6f08 

  0x03551fb4: ;   {section_word}
  0x03551fb4: 64f4 68b6 

  0x03551fb8: ;   {runtime_call DeoptimizationBlob}
  0x03551fb8: 1f55 03e9 | 8032 e5ff 
[/MachCode]


Compiled method (c1) 5730593 3324   !         java.net.URLClassLoader::defineClass (224 bytes)
 total in heap  [0x0380f648,0x0381120c] = 7108
 relocation     [0x0380f72c,0x0380f94c] = 544
 main code      [0x0380f950,0x03810610] = 3264
 stub code      [0x03810610,0x03810798] = 392
 oops           [0x03810798,0x0381079c] = 4
 metadata       [0x0381079c,0x038107fc] = 96
 scopes data    [0x038107fc,0x03810cec] = 1264
 scopes pcs     [0x03810cec,0x0381105c] = 880
 dependencies   [0x0381105c,0x03811080] = 36
 handler table  [0x03811080,0x038111b8] = 312
 nul chk table  [0x038111b8,0x0381120c] = 84

[Constant Pool (empty)]

[MachCode]
[Entry Point]
  # {method} {0x6d52134c} 'defineClass' '(Ljava/lang/String;Ljdk/internal/loader/Resource;)Ljava/lang/Class;' in 'java/net/URLClassLoader'
  # this:     ecx       = 'java/net/URLClassLoader'
  # parm0:    edx       = 'java/lang/String'
  # parm1:    [sp+0xf0]   = 'jdk/internal/loader/Resource'  (sp of caller)
  0x0380f950: 0f1f 8000 | 0000 003b 

  0x0380f958: ;   {runtime_call ic_miss_stub}
  0x0380f958: 4104 0f85 | 700e b9ff 
[Verified Entry Point]
  0x0380f960: 8984 2400 | c0ff ff55 | 81ec e800 | 0000 894c | 246c 8954 

  0x0380f974: ;   {runtime_call}
  0x0380f974: 2468 e895 | b1e3 6389 | 4424 7889 | 5424 7c8b | 7424 688b | 7e10 8b5f | 080f be4e | 0c89 7c24 
  0x0380f994: 708b f9c1 | e718 c1ff | 188b c18b | cfd3 fb4b | 83f8 00b9 | 0000 0000 | 0f85 0500 | 0000 b901 
  0x0380f9b4: 0000 0083 | e101 83f9 | 000f 8416 | 0000 008b | 4c24 70ba | 2e00 0000 

  0x0380f9cc: ;   {static_call}
  0x0380f9cc: 891c 24e8 

  0x0380f9d0: ; ImmutableOopMap {[240]=Oop [108]=Oop [104]=Oop }
              ;*invokestatic lastIndexOf {reexecute=0 rethrow=0 return_oop=0}
              ; - java.lang.String::lastIndexOf@13 (line 2489)
              ; - java.lang.String::lastIndexOf@8 (line 2451)
              ; - java.net.URLClassLoader::defineClass@7 (line 486)
  0x0380f9d0: 9cc4 8401 | e913 0000 | 008b 7c24 | 708b cfba | 2e00 0000 

  0x0380f9e4: ;   {static_call}
  0x0380f9e4: 891c 24e8 

  0x0380f9e8: ; ImmutableOopMap {[240]=Oop [108]=Oop [104]=Oop }
              ;*invokestatic lastIndexOf {reexecute=0 rethrow=0 return_oop=0}
              ; - java.lang.String::lastIndexOf@25 (line 2490)
              ; - java.lang.String::lastIndexOf@8 (line 2451)
              ; - java.net.URLClassLoader::defineClass@7 (line 486)
  0x0380f9e8: a414 b9ff | 8944 2474 | 8bb4 24f0 | 0000 008b | ce90 b8ff 

  0x0380f9fc: ;   {virtual_call}
  0x0380f9fc: ffff ffe8 

  0x0380fa00: ; ImmutableOopMap {[108]=Oop [104]=Oop [240]=Oop }
              ;*invokevirtual getCodeSourceURL {reexecute=0 rethrow=0 return_oop=0}
              ; - java.net.URLClassLoader::defineClass@13 (line 487)
  0x0380fa00: cc88 e6ff | 8984 2480 | 0000 008b | 4c24 7483 | f9ff 0f84 | 3501 0000 | ba00 0000 | 0089 0c24 
  0x0380fa20: 8b4c 2468 

  0x0380fa24: ;   {optimized virtual_call}
  0x0380fa24: 6666 90e8 

  0x0380fa28: ; ImmutableOopMap {[108]=Oop [104]=Oop [240]=Oop [128]=Oop }
              ;*invokevirtual substring {reexecute=0 rethrow=0 return_oop=0}
              ; - java.net.URLClassLoader::defineClass@28 (line 489)
  0x0380fa28: 7485 8601 | 8984 2484 | 0000 008b | 8c24 f000 | 0000 b8f0 

  0x0380fa3c: ;   {virtual_call}
  0x0380fa3c: 0460 70e8 

  0x0380fa40: ; ImmutableOopMap {[108]=Oop [104]=Oop [240]=Oop [128]=Oop [132]=Oop }
              ;*invokevirtual getManifest {reexecute=0 rethrow=0 return_oop=0}
              ; - java.net.URLClassLoader::defineClass@34 (line 491)
  0x0380fa40: 725d b5ff | 8984 2488 | 0000 008b | 9424 8400 | 0000 8904 | 248b b424 | 8000 0000 | 8974 2404 
  0x0380fa60: 8b4c 246c 

  0x0380fa64: ;   {optimized virtual_call}
  0x0380fa64: 6666 90e8 

  0x0380fa68: ; ImmutableOopMap {[108]=Oop [104]=Oop [240]=Oop [132]=Oop [136]=Oop [128]=Oop }
              ;*invokevirtual getAndVerifyPackage {reexecute=0 rethrow=0 return_oop=0}
              ; - java.net.URLClassLoader::defineClass@46 (line 492)
  0x0380fa68: 44f9 2b01 | 83f8 000f | 85d8 0000 | 008b 8424 | 8800 0000 | 83f8 000f | 8424 0000 | 008b b424 
  0x0380fa88: 8000 0000 | 8b94 2484 | 0000 0089 | 0424 8974 | 2404 8b4c 

  0x0380fa9c: ;   {optimized virtual_call}
  0x0380fa9c: 246c 90e8 

  0x0380faa0: ; ImmutableOopMap {[108]=Oop [104]=Oop [240]=Oop [132]=Oop [136]=Oop [128]=Oop }
              ;*invokevirtual definePackage {reexecute=0 rethrow=0 return_oop=0}
              ; - java.net.URLClassLoader::defineClass@64 (line 495)
  0x0380faa0: b60b 0000 | e9a4 0000 | 008b 9424 | 8400 0000 | c704 2400 | 0000 00c7 | 4424 0400 | 0000 00c7 
  0x0380fac0: 4424 0800 | 0000 00c7 | 4424 0c00 | 0000 00c7 | 4424 1000 | 0000 00c7 | 4424 1400 | 0000 00c7 
  0x0380fae0: 4424 1800 | 0000 008b 

  0x0380fae8: ;   {optimized virtual_call}
  0x0380fae8: 4c24 6ce8 

  0x0380faec: ; ImmutableOopMap {[108]=Oop [104]=Oop [240]=Oop [132]=Oop [136]=Oop [128]=Oop }
              ;*invokevirtual definePackage {reexecute=0 rethrow=0 return_oop=0}
              ; - java.net.URLClassLoader::defineClass@81 (line 497)
  0x0380faec: 200f b9ff | e958 0000 | 008b 8c24 | 8800 0000 | 8b84 2480 | 0000 0064 | 8b14 2500 | 0000 008b 
  0x0380fb0c: 52f4 8bf0 | 8b82 8402 | 0000 c782 | 8402 0000 | 0000 0000 | c782 8802 | 0000 0000 | 0000 8b94 
  0x0380fb2c: 2484 0000 | 0089 0c24 | 8974 2404 | 8b4c 246c 

  0x0380fb3c: ;   {optimized virtual_call}
  0x0380fb3c: 6666 90e8 

  0x0380fb40: ; ImmutableOopMap {[108]=Oop [104]=Oop [240]=Oop [132]=Oop [128]=Oop }
              ;*invokevirtual getAndVerifyPackage {reexecute=0 rethrow=0 return_oop=0}
              ; - java.net.URLClassLoader::defineClass@97 (line 502)
  0x0380fb40: cc0e b9ff | 83f8 000f | 8437 0100 | 008b b424 | f000 0000 | 8d8c 24c8 | 0000 0089 | 7104 8b06 
  0x0380fb60: 83c8 0189 | 01f0 0fb1 | 0e0f 8410 | 0000 002b | c481 e003 | f0ff ff89 | 010f 8565 | 0800 008b 
  0x0380fb80: 4e08 83f9 | 000f 8523 | 0000 008b | ce90 b8ff 

  0x0380fb90: ;   {virtual_call}
  0x0380fb90: ffff ffe8 

  0x0380fb94: ; ImmutableOopMap {[108]=Oop [104]=Oop [128]=Oop [240]=Oop [204]=Oop }
              ;*invokevirtual getInputStream {reexecute=0 rethrow=0 return_oop=0}
              ; - jdk.internal.loader.Resource::cachedInputStream@9 (line 77)
              ; - jdk.internal.loader.Resource::getByteBuffer@1 (line 163)
              ; - java.net.URLClassLoader::defineClass@132 (line 511)
  0x0380fb94: 60fe b6ff | 8bb4 24f0 | 0000 0089 | 4608 8bc6 | c1e8 09c6 | 8000 60c2 | 0200 8b4e | 088d 8424 
  0x0380fbb4: c800 0000 | 8b38 85ff | 0f84 0d00 | 0000 8b58 | 04f0 0fb1 | 3b0f 8526 | 0800 0083 | f900 0f84 
  0x0380fbd4: 3700 0000 

  0x0380fbd8: ;   {metadata('sun/nio/ByteBuffered')}
  0x0380fbd8: 8b59 0481 | 7b18 4097 | 506d 0f84 | 2b00 0000 

  0x0380fbe8: ;   {metadata('sun/nio/ByteBuffered')}
  0x0380fbe8: 81fb 4097 | 506d 0f84 | 1f00 0000 

  0x0380fbf4: ;   {metadata('sun/nio/ByteBuffered')}
  0x0380fbf4: 5368 4097 

  0x0380fbf8: ;   {runtime_call slow_subtype_check Runtime1 stub}
  0x0380fbf8: 506d e891 | 2cb7 ff5b | 5b83 fb00 | 0f84 0500 | 0000 e904 | 0000 0033 | ffeb 05bf | 0100 0000 
  0x0380fc18: 83ff 000f | 8450 0000 | 0083 f900 | 0f84 3700 | 0000 8b79 

  0x0380fc2c: ;   {metadata('sun/nio/ByteBuffered')}
  0x0380fc2c: 0481 7f18 | 4097 506d | 0f84 2700 

  0x0380fc38: ;   {metadata('sun/nio/ByteBuffered')}
  0x0380fc38: 0000 81ff | 4097 506d | 0f84 1b00 

  0x0380fc44: ;   {metadata('sun/nio/ByteBuffered')}
  0x0380fc44: 0000 5768 | 4097 506d 

  0x0380fc4c: ;   {runtime_call slow_subtype_check Runtime1 stub}
  0x0380fc4c: e83f 2cb7 | ff5f 5f83 | ff00 0f84 | ad07 0000 | e900 0000 | 0090 b8ff 

  0x0380fc64: ;   {virtual_call}
  0x0380fc64: ffff ffe8 

  0x0380fc68: ; ImmutableOopMap {[108]=Oop [104]=Oop [128]=Oop [240]=Oop }
              ;*invokeinterface getByteBuffer {reexecute=0 rethrow=0 return_oop=0}
              ; - jdk.internal.loader.Resource::getByteBuffer@16 (line 165)
              ; - java.net.URLClassLoader::defineClass@132 (line 511)
  0x0380fc68: e40f b9ff | e905 0000 

  0x0380fc70: ;   {oop(NULL)}
  0x0380fc70: 00b8 0000 | 0000 83f8 | 000f 8480 | 0300 00e9 | a501 0000 

  0x0380fc84: ;   {metadata('java/lang/AssertionError')}
  0x0380fc84: bab0 4552 | 6d80 bac3 | 0000 0004 | 0f85 8007 | 0000 648b | 0c25 0000 | 0000 8b49 | f48b 81d0 
  0x0380fca4: 0000 008d | 7820 3bb9 | d800 0000 | 0f87 6007 | 0000 89b9 | d000 0000 | c700 0100 | 0000 8950 
  0x0380fcc4: 0433 c9bf | 0300 0000 | 894c f804 | 890c f84f | 75f6 8984 | 248c 0000 

  0x0380fcdc: ;   {metadata('java/lang/StringBuilder')}
  0x0380fcdc: 00ba 580c | 096d 648b | 0c25 0000 | 0000 8b49 | f48b 81d0 | 0000 008d | 7818 3bb9 | d800 0000 
  0x0380fcfc: 0f87 2007 | 0000 89b9 | d000 0000 | c700 0100 | 0000 8950 | 0433 c989 | 4808 8948 | 0c89 4810 
  0x0380fd1c: 8948 14ba | 1000 0000 | 8bc8 8984 | 2490 0000 

  0x0380fd2c: ;   {optimized virtual_call}
  0x0380fd2c: 0066 90e8 

  0x0380fd30: ; ImmutableOopMap {[140]=Oop [132]=Oop [144]=Oop }
              ;*invokespecial <init> {reexecute=0 rethrow=0 return_oop=0}
              ; - java.lang.StringBuilder::<init>@3 (line 106)
              ; - java.net.URLClassLoader::defineClass@111 (line 504)
  0x0380fd30: dc0c b9ff 

  0x0380fd34: ;   {oop("Cannot find package "{0x25cbbc70})}
  0x0380fd34: ba70 bccb | 258b 8c24 | 9000 0000 

  0x0380fd40: ;   {optimized virtual_call}
  0x0380fd40: 6666 90e8 

  0x0380fd44: ; ImmutableOopMap {[140]=Oop [132]=Oop [144]=Oop }
              ;*invokespecial append {reexecute=0 rethrow=0 return_oop=0}
              ; - java.lang.StringBuilder::append@2 (line 179)
              ; - java.net.URLClassLoader::defineClass@116 (line 504)
  0x0380fd44: c80c b9ff | 8b94 2484 | 0000 008b | 8c24 9000 

  0x0380fd54: ;   {optimized virtual_call}
  0x0380fd54: 0000 90e8 

  0x0380fd58: ; ImmutableOopMap {[140]=Oop [144]=Oop }
              ;*invokespecial append {reexecute=0 rethrow=0 return_oop=0}
              ; - java.lang.StringBuilder::append@2 (line 179)
              ; - java.net.URLClassLoader::defineClass@121 (line 504)
  0x0380fd58: b40c b9ff | 8b84 2490 | 0000 000f | be50 0c83 | fa00 ba00 | 0000 000f | 8505 0000 | 00ba 0100 
  0x0380fd78: 0000 83e2 | 0183 fa00 | 0f84 7d04 | 0000 8b58 | 108b 7008 | 83fe 000f | 850a 0000 

  0x0380fd94: ;   {oop(""{0x2545eee8})}
  0x0380fd94: 00be e8ee | 4525 e97b | 0400 0089 | b424 9400 

  0x0380fda4: ;   {metadata('java/lang/String')}
  0x0380fda4: 0000 ba18 | d100 6d64 | 8b0c 2500 | 0000 008b | 49f4 8b81 | d000 0000 | 8d78 183b | b9d8 0000 
  0x0380fdc4: 000f 8763 | 0600 0089 | b9d0 0000 | 00c7 0001 | 0000 0089 | 5004 33c9 | 8948 0889 | 480c 8948 
  0x0380fde4: 1089 4814 | 8bcb ba00 | 0000 008b | b424 9400 | 0000 8934 | 2489 8424 | 9800 0000 

  0x0380fe00: ;   {static_call}
  0x0380fe00: 6666 90e8 

  0x0380fe04: ; ImmutableOopMap {[140]=Oop [152]=Oop }
              ;*invokestatic copyOfRange {reexecute=0 rethrow=0 return_oop=0}
              ; - java.lang.StringLatin1::newString@16 (line 769)
              ; - java.lang.StringBuilder::toString@16 (line 453)
              ; - java.net.URLClassLoader::defineClass@124 (line 504)
  0x0380fe04: 8810 b9ff | 8b8c 2498 | 0000 0089 | 4110 8bc1 | c1e8 09c6 | 8000 60c2 | 0200 c641 | 0c00 8bf1 
  0x0380fe24: e9f1 0300 | 0089 8424 | 9c00 0000 | 8b8c 24f0 | 0000 0066 | 6690 b8ff 

  0x0380fe3c: ;   {virtual_call}
  0x0380fe3c: ffff ffe8 

  0x0380fe40: ; ImmutableOopMap {[108]=Oop [104]=Oop [128]=Oop [156]=Oop }
              ;*invokevirtual getCodeSigners {reexecute=0 rethrow=0 return_oop=0}
              ; - java.net.URLClassLoader::defineClass@143 (line 514)
  0x0380fe40: 0c0e b9ff 

  0x0380fe44: ;   {metadata('java/security/CodeSource')}
  0x0380fe44: 8bd8 ba70 | 5e0b 6d64 | 8b0c 2500 | 0000 008b | 49f4 8b81 | d000 0000 | 8d78 203b | b9d8 0000 
  0x0380fe64: 000f 87cf | 0500 0089 | b9d0 0000 | 00c7 0001 | 0000 0089 | 5004 33c9 | bf03 0000 | 0089 4cf8 
  0x0380fe84: 0489 0cf8 | 4f75 f68b | 9424 8000 | 0000 891c | 248b c889 | 8424 a000 

  0x0380fe9c: ;   {optimized virtual_call}
  0x0380fe9c: 0000 90e8 

  0x0380fea0: ; ImmutableOopMap {[108]=Oop [104]=Oop [156]=Oop [160]=Oop }
              ;*invokespecial <init> {reexecute=0 rethrow=0 return_oop=0}
              ; - java.net.URLClassLoader::defineClass@156 (line 515)
  0x0380fea0: 6c0b b9ff 

  0x0380fea4: ;   {runtime_call}
  0x0380fea4: e867 ace3 | 638b 7424 | 788b 7c24 | 7c2b c61b | d789 8424 | a800 0000 | 8994 24ac 

  0x0380fec0: ;   {oop(a 'jdk/internal/perf/PerfCounter'{0x2546c660})}
  0x0380fec0: 0000 00be | 60c6 4625 | 8d8c 24c8 | 0000 0089 | 7104 8b06 | 83c8 0189 | 01f0 0fb1 | 0e0f 8410 
  0x0380fee0: 0000 002b | c481 e003 | f0ff ff89 | 010f 8558 | 0500 008d | 8c24 d000 | 0000 8971 | 048b 0683 
  0x0380ff00: c801 8901 | f00f b10e | 0f84 1000 | 0000 2bc4 | 81e0 03f0 | ffff 8901 | 0f85 3e05 | 0000 8b4e 
  0x0380ff20: 0c3b 01ba | 0000 0000 | 89b4 24a4 

  0x0380ff2c: ;   {optimized virtual_call}
  0x0380ff2c: 0000 00e8 

  0x0380ff30: ; ImmutableOopMap {[108]=Oop [104]=Oop [156]=Oop [160]=Oop [164]=Oop [204]=Oop [212]=Oop }
              ;*invokevirtual get {reexecute=0 rethrow=0 return_oop=0}
              ; - jdk.internal.perf.PerfCounter::get@5 (line 84)
              ; - jdk.internal.perf.PerfCounter::add@1 (line 98)
              ; - jdk.internal.perf.PerfCounter::addElapsedTimeFrom@6 (line 120)
              ; - java.net.URLClassLoader::defineClass@165 (line 516)
  0x0380ff30: dc0a b9ff | 8bca 8bd0 | 8d84 24d0 | 0000 008b | 3085 f60f | 840d 0000 | 008b 7804 | f00f b137 
  0x0380ff50: 0f85 1c05 | 0000 8bb4 | 24a4 0000 | 008b 760c 

  0x0380ff60: ; implicit exception: dispatches to 0x03810486
  0x0380ff60: 3b06 8bfa | 8b84 24a8 | 0000 008b | 9424 ac00 | 0000 03f8 | 13ca ba00 | 0000 0089 | 3c24 894c 
  0x0380ff80: 2404 8bce 

  0x0380ff84: ;   {optimized virtual_call}
  0x0380ff84: 6666 90e8 

  0x0380ff88: ; ImmutableOopMap {[108]=Oop [104]=Oop [156]=Oop [160]=Oop [204]=Oop }
              ;*invokevirtual put {reexecute=0 rethrow=0 return_oop=0}
              ; - jdk.internal.perf.PerfCounter::add@13 (line 99)
              ; - jdk.internal.perf.PerfCounter::addElapsedTimeFrom@6 (line 120)
              ; - java.net.URLClassLoader::defineClass@165 (line 516)
  0x0380ff88: 840a b9ff | 8d84 24c8 | 0000 008b | 1085 d20f | 840d 0000 | 008b 4804 | f00f b111 | 0f85 e104 
  0x0380ffa8: 0000 8b94 | 24a0 0000 | 008b 4c24 

  0x0380ffb4: ;   {optimized virtual_call}
  0x0380ffb4: 6c66 90e8 

  0x0380ffb8: ; ImmutableOopMap {[108]=Oop [104]=Oop [156]=Oop [160]=Oop }
              ;*invokevirtual getProtectionDomain {reexecute=0 rethrow=0 return_oop=0}
              ; - java.security.SecureClassLoader::defineClass@5 (line 182)
              ; - java.net.URLClassLoader::defineClass@174 (line 517)
  0x0380ffb8: 540a b9ff | 8b54 2468 | 8bb4 249c | 0000 0089 | 3424 8944 | 2404 8b4c | 246c 89b4 | 249c 0000 
  0x0380ffd8: ;   {optimized virtual_call}
  0x0380ffd8: 0066 90e8 

  0x0380ffdc: ; ImmutableOopMap {[108]=Oop [104]=Oop [160]=Oop [156]=Oop }
              ;*invokevirtual defineClass {reexecute=0 rethrow=0 return_oop=0}
              ; - java.security.SecureClassLoader::defineClass@8 (line 182)
              ; - java.net.URLClassLoader::defineClass@174 (line 517)
  0x0380ffdc: 300a b9ff | 81c4 e800 | 0000 5d64 | 8b1c 2500 | 0000 008b 

  0x0380fff0: ;   {poll_return}
  0x0380fff0: 5bf4 3ba3 | 5002 0000 | 0f87 a104 | 0000 c38b | b424 f000 | 0000 8bce | 6690 b8ff 

  0x0381000c: ;   {virtual_call}
  0x0381000c: ffff ffe8 

  0x03810010: ; ImmutableOopMap {[108]=Oop [104]=Oop [128]=Oop [240]=Oop }
              ;*invokevirtual getBytes {reexecute=0 rethrow=0 return_oop=0}
              ; - java.net.URLClassLoader::defineClass@179 (line 519)
  0x03810010: 14fa b6ff | 8984 24b0 | 0000 008b | 8c24 f000 | 0000 b8ff 

  0x03810024: ;   {virtual_call}
  0x03810024: ffff ffe8 

  0x03810028: ; ImmutableOopMap {[108]=Oop [104]=Oop [128]=Oop [176]=Oop }
              ;*invokevirtual getCodeSigners {reexecute=0 rethrow=0 return_oop=0}
              ; - java.net.URLClassLoader::defineClass@185 (line 521)
  0x03810028: 58fb b6ff 

  0x0381002c: ;   {metadata('java/security/CodeSource')}
  0x0381002c: 8bd8 ba70 | 5e0b 6d64 | 8b0c 2500 | 0000 008b | 49f4 8b81 | d000 0000 | 8d78 203b | b9d8 0000 
  0x0381004c: 000f 876b | 0400 0089 | b9d0 0000 | 00c7 0001 | 0000 0089 | 5004 33c9 | bf03 0000 | 0089 4cf8 
  0x0381006c: 0489 0cf8 | 4f75 f68b | 9424 8000 | 0000 891c | 248b c889 | 8424 b400 

  0x03810084: ;   {optimized virtual_call}
  0x03810084: 0000 90e8 

  0x03810088: ; ImmutableOopMap {[108]=Oop [104]=Oop [176]=Oop [180]=Oop }
              ;*invokespecial <init> {reexecute=0 rethrow=0 return_oop=0}
              ; - java.net.URLClassLoader::defineClass@198 (line 522)
  0x03810088: 7486 d800 

  0x0381008c: ;   {runtime_call}
  0x0381008c: e87f aae3 | 638b 7424 | 788b 4c24 | 7c2b c61b | d189 8424 | c000 0000 | 8994 24c4 

  0x038100a8: ;   {oop(a 'jdk/internal/perf/PerfCounter'{0x2546c660})}
  0x038100a8: 0000 00be | 60c6 4625 | 8d8c 24c8 | 0000 0089 | 7104 8b06 | 83c8 0189 | 01f0 0fb1 | 0e0f 8410 
  0x038100c8: 0000 002b | c481 e003 | f0ff ff89 | 010f 85f4 | 0300 008d | 8c24 d000 | 0000 8971 | 048b 0683 
  0x038100e8: c801 8901 | f00f b10e | 0f84 1000 | 0000 2bc4 | 81e0 03f0 | ffff 8901 | 0f85 da03 | 0000 8b4e 
  0x03810108: 0c3b 01ba | 0000 0000 | 89b4 24b8 

  0x03810114: ;   {optimized virtual_call}
  0x03810114: 0000 00e8 

  0x03810118: ; ImmutableOopMap {[108]=Oop [104]=Oop [176]=Oop [180]=Oop [184]=Oop [204]=Oop [212]=Oop }
              ;*invokevirtual get {reexecute=0 rethrow=0 return_oop=0}
              ; - jdk.internal.perf.PerfCounter::get@5 (line 84)
              ; - jdk.internal.perf.PerfCounter::add@1 (line 98)
              ; - jdk.internal.perf.PerfCounter::addElapsedTimeFrom@6 (line 120)
              ; - java.net.URLClassLoader::defineClass@207 (line 523)
  0x03810118: d45b d3ff | 8bca 8bd0 | 8d84 24d0 | 0000 008b | 3085 f60f | 840d 0000 | 008b 7804 | f00f b137 
  0x03810138: 0f85 b803 | 0000 8bb4 | 24b8 0000 | 008b 760c 

  0x03810148: ; implicit exception: dispatches to 0x0381050a
  0x03810148: 3b06 8bfa | 8b84 24c0 | 0000 008b | 9424 c400 | 0000 03f8 | 13ca ba00 | 0000 0089 | 3c24 894c 
  0x03810168: 2404 8bce 

  0x0381016c: ;   {optimized virtual_call}
  0x0381016c: 6666 90e8 

  0x03810170: ; ImmutableOopMap {[108]=Oop [104]=Oop [176]=Oop [180]=Oop [204]=Oop }
              ;*invokevirtual put {reexecute=0 rethrow=0 return_oop=0}
              ; - jdk.internal.perf.PerfCounter::add@13 (line 99)
              ; - jdk.internal.perf.PerfCounter::addElapsedTimeFrom@6 (line 120)
              ; - java.net.URLClassLoader::defineClass@207 (line 523)
  0x03810170: 3c0d a700 | 8d84 24c8 | 0000 008b | 1085 d20f | 840d 0000 | 008b 4804 | f00f b111 | 0f85 7d03 
  0x03810190: 0000 8b84 | 24b0 0000 | 008b 7008 | 8b94 24b4 | 0000 008b | 4c24 6c89 | b424 bc00 

  0x038101ac: ;   {optimized virtual_call}
  0x038101ac: 0000 90e8 

  0x038101b0: ; ImmutableOopMap {[108]=Oop [104]=Oop [180]=Oop [176]=Oop }
              ;*invokevirtual getProtectionDomain {reexecute=0 rethrow=0 return_oop=0}
              ; - java.security.SecureClassLoader::defineClass@9 (line 150)
              ; - java.net.URLClassLoader::defineClass@220 (line 524)
  0x038101b0: 9cca 1901 | 8b54 2468 | 8bb4 24b0 | 0000 0089 | 3424 c744 | 2404 0000 | 0000 8b8c | 24bc 0000 
  0x038101d0: 0089 4c24 | 0889 4424 | 0c8b 4c24 

  0x038101dc: ;   {optimized virtual_call}
  0x038101dc: 6c66 90e8 

  0x038101e0: ; ImmutableOopMap {[108]=Oop [104]=Oop [180]=Oop [176]=Oop }
              ;*invokevirtual defineClass {reexecute=0 rethrow=0 return_oop=0}
              ; - java.security.SecureClassLoader::defineClass@12 (line 150)
              ; - java.net.URLClassLoader::defineClass@220 (line 524)
  0x038101e0: 3c1c d4ff | 81c4 e800 | 0000 5d64 | 8b1c 2500 | 0000 008b 

  0x038101f4: ;   {poll_return}
  0x038101f4: 5bf4 3ba3 | 5002 0000 | 0f87 2603 | 0000 c38b | 4810 8b70 | 08ba 0000 | 0000 8934 

  0x03810210: ;   {static_call}
  0x03810210: 2466 90e8 

  0x03810214: ; ImmutableOopMap {[140]=Oop }
              ;*invokestatic newString {reexecute=0 rethrow=0 return_oop=0}
              ; - java.lang.StringBuilder::toString@31 (line 454)
              ; - java.net.URLClassLoader::defineClass@124 (line 504)
  0x03810214: 780c b9ff | 8bf0 8b84 | 248c 0000 | 008b d68b 

  0x03810224: ;   {optimized virtual_call}
  0x03810224: c866 90e8 

  0x03810228: ; ImmutableOopMap {[140]=Oop }
              ;*invokespecial <init> {reexecute=0 rethrow=0 return_oop=0}
              ; - java.net.URLClassLoader::defineClass@127 (line 504)
  0x03810228: e407 b9ff | 8b84 248c | 0000 00e9 | ca03 0000 | 648b 1425 | 0000 0000 | 8b52 f48b | 8284 0200 
  0x03810248: 00c7 8284 | 0200 0000 | 0000 00c7 | 8288 0200 | 0000 0000 

  0x0381025c: ;   {oop(a 'jdk/internal/perf/PerfCounter'{0x2546c660})}
  0x0381025c: 008b d0b8 | 60c6 4625 | 8d84 24d0 | 0000 008b | 3085 f60f | 840d 0000 | 008b 7804 | f00f b137 
  0x0381027c: 0f85 c502 

  0x03810280: ; ImmutableOopMap {ecx=Oop [176]=Oop [108]=Oop [104]=Oop [204]=Oop eax=Oop }
              ;*invokevirtual get {reexecute=0 rethrow=0 return_oop=0}
              ; - jdk.internal.perf.PerfCounter::add@1 (line 98)
              ; - jdk.internal.perf.PerfCounter::addElapsedTimeFrom@6 (line 120)
              ; - java.net.URLClassLoader::defineClass@207 (line 523)
  0x03810280: 0000 8bc2 

  0x03810284: ;   {section_word}
  0x03810284: ba84 0281 

  0x03810288: ;   {runtime_call handle_exception_nofpu Runtime1 stub}
  0x03810288: 03e8 c22c | b7ff 9064 | 8b14 2500 | 0000 008b | 52f4 8b82 | 8402 0000 | c782 8402 | 0000 0000 
  0x038102a8: 0000 c782 | 8802 0000 | 0000 0000 

  0x038102b4: ;   {oop(a 'jdk/internal/perf/PerfCounter'{0x2546c660})}
  0x038102b4: 8bd0 b860 | c646 258d | 8424 c800 | 0000 8b30 | 85f6 0f84 | 0d00 0000 | 8b78 04f0 | 0fb1 370f 
  0x038102d4: 8582 0200 | 008b c2e9 | 2203 0000 | 8b54 2468 | 648b 3425 | 0000 0000 | 8b76 f48b | 8684 0200 
  0x038102f4: 00c7 8684 | 0200 0000 | 0000 00c7 | 8688 0200 | 0000 0000 

  0x03810308: ;   {oop(a 'jdk/internal/perf/PerfCounter'{0x2546c660})}
  0x03810308: 008b f0b8 | 60c6 4625 | 8d84 24d0 | 0000 008b | 3885 ff0f | 840d 0000 | 008b 5804 | f00f b13b 
  0x03810328: 0f85 4102 | 0000 8bc6 

  0x03810330: ; ImmutableOopMap {[156]=Oop ecx=Oop [108]=Oop esi=Oop [104]=Oop [204]=Oop eax=Oop }
              ;*invokevirtual get {reexecute=0 rethrow=0 return_oop=0}
              ; - jdk.internal.perf.PerfCounter::add@1 (line 98)
              ; - jdk.internal.perf.PerfCounter::addElapsedTimeFrom@6 (line 120)
              ; - java.net.URLClassLoader::defineClass@165 (line 516)
              ;   {section_word}
  0x03810330: 8bf2 ba32 

  0x03810334: ;   {runtime_call handle_exception_nofpu Runtime1 stub}
  0x03810334: 0381 03e8 | 142c b7ff | 9064 8b34 | 2500 0000 | 008b 76f4 | 8b86 8402 | 0000 c786 | 8402 0000 
  0x03810354: 0000 0000 | c786 8802 | 0000 0000 | 0000 8bf0 

  0x03810364: ;   {oop(a 'jdk/internal/perf/PerfCounter'{0x2546c660})}
  0x03810364: b860 c646 | 258d 8424 | c800 0000 | 8b38 85ff | 0f84 0d00 | 0000 8b58 | 04f0 0fb1 | 3b0f 85fc 
  0x03810384: 0100 008b | c6e9 7402 | 0000 648b | 3425 0000 | 0000 8b76 | f48b 8684 | 0200 00c7 | 8684 0200 
  0x038103a4: 0000 0000 | 00c7 8688 | 0200 0000 | 0000 008b | f08d 8424 | c800 0000 | 8b38 85ff | 0f84 0d00 
  0x038103c4: 0000 8b58 | 04f0 0fb1 | 3b0f 85c4 | 0100 008b | c6e9 2802 

  0x038103d8: ;   {runtime_call throw_null_pointer_exception Runtime1 stub}
  0x038103d8: 0000 e801 

  0x038103dc: ; ImmutableOopMap {[240]=Oop [108]=Oop esi=Oop [104]=Oop }
              ;*invokevirtual lastIndexOf {reexecute=0 rethrow=0 return_oop=0}
              ; - java.net.URLClassLoader::defineClass@7 (line 486)
              ;   {runtime_call throw_null_pointer_exception Runtime1 stub}
  0x038103dc: 36b7 ffe8 

  0x038103e0: ; ImmutableOopMap {[240]=Oop [108]=Oop esi=Oop [104]=Oop edi=Oop }
              ;*arraylength {reexecute=0 rethrow=0 return_oop=0}
              ; - java.lang.String::length@4 (line 1481)
              ; - java.lang.String::lastIndexOf@3 (line 2451)
              ; - java.net.URLClassLoader::defineClass@7 (line 486)
  0x038103e0: fc35 b7ff | 8974 2404 

  0x038103e8: ;   {runtime_call monitorenter_nofpu Runtime1 stub}
  0x038103e8: 890c 24e8 

  0x038103ec: ; ImmutableOopMap {[108]=Oop [104]=Oop [128]=Oop esi=Oop [240]=Oop [204]=Oop }
              ;*synchronization entry
              ; - jdk.internal.loader.Resource::cachedInputStream@-1 (line 76)
              ; - jdk.internal.loader.Resource::getByteBuffer@1 (line 163)
              ; - java.net.URLClassLoader::defineClass@132 (line 511)
  0x038103ec: 6022 b7ff | e98a f7ff | ff8d 8424 | c800 0000 

  0x038103fc: ;   {runtime_call monitorexit_nofpu Runtime1 stub}
  0x038103fc: 8904 24e8 | 0c20 b7ff | e9c6 f7ff | ff89 0c24 

  0x0381040c: ;   {runtime_call throw_class_cast_exception Runtime1 stub}
  0x0381040c: e88f 26b7 

  0x03810410: ; ImmutableOopMap {[108]=Oop [104]=Oop [128]=Oop [240]=Oop }
              ;*checkcast {reexecute=0 rethrow=0 return_oop=0}
              ; - jdk.internal.loader.Resource::getByteBuffer@13 (line 165)
              ; - java.net.URLClassLoader::defineClass@132 (line 511)
              ;   {runtime_call throw_null_pointer_exception Runtime1 stub}
  0x03810410: ffe8 ca35 

  0x03810414: ; ImmutableOopMap {[132]=Oop }
              ;*new {reexecute=0 rethrow=0 return_oop=0}
              ; - java.net.URLClassLoader::defineClass@103 (line 504)
  0x03810414: b7ff 8bd2 

  0x03810418: ;   {runtime_call fast_new_instance_init_check Runtime1 stub}
  0x03810418: e8b3 30b7 

  0x0381041c: ; ImmutableOopMap {[132]=Oop }
              ;*new {reexecute=0 rethrow=0 return_oop=0}
              ; - java.net.URLClassLoader::defineClass@103 (line 504)
  0x0381041c: ffe9 b4f8 | ffff 8bd2 

  0x03810424: ;   {runtime_call fast_new_instance Runtime1 stub}
  0x03810424: e8e7 31b7 

  0x03810428: ; ImmutableOopMap {[132]=Oop [140]=Oop }
              ;*new {reexecute=0 rethrow=0 return_oop=0}
              ; - java.net.URLClassLoader::defineClass@107 (line 504)
  0x03810428: ffe9 f1f8 | ffff 8bd2 

  0x03810430: ;   {runtime_call fast_new_instance Runtime1 stub}
  0x03810430: e8db 31b7 

  0x03810434: ; ImmutableOopMap {[140]=Oop ebx=Oop }
              ;*new {reexecute=0 rethrow=0 return_oop=0}
              ; - java.lang.StringLatin1::newString@7 (line 769)
              ; - java.lang.StringBuilder::toString@16 (line 453)
              ; - java.net.URLClassLoader::defineClass@124 (line 504)
  0x03810434: ffe9 aef9 | ffff 8bd2 

  0x0381043c: ;   {runtime_call fast_new_instance Runtime1 stub}
  0x0381043c: e8cf 31b7 

  0x03810440: ; ImmutableOopMap {[108]=Oop [104]=Oop [128]=Oop [156]=Oop ebx=Oop }
              ;*new {reexecute=0 rethrow=0 return_oop=0}
              ; - java.net.URLClassLoader::defineClass@148 (line 515)
  0x03810440: ffe9 45fa 

  0x03810444: ;   {runtime_call throw_null_pointer_exception Runtime1 stub}
  0x03810444: ffff e895 

  0x03810448: ; ImmutableOopMap {[108]=Oop [104]=Oop [156]=Oop [160]=Oop esi=Oop }
              ;*synchronization entry
              ; - jdk.internal.perf.PerfCounter::add@-1 (line 98)
              ; - jdk.internal.perf.PerfCounter::addElapsedTimeFrom@6 (line 120)
              ; - java.net.URLClassLoader::defineClass@165 (line 516)
  0x03810448: 35b7 ff89 | 7424 0489 

  0x03810450: ;   {runtime_call monitorenter_nofpu Runtime1 stub}
  0x03810450: 0c24 e8f9 

  0x03810454: ; ImmutableOopMap {[108]=Oop [104]=Oop [156]=Oop [160]=Oop esi=Oop [204]=Oop }
              ;*synchronization entry
              ; - jdk.internal.perf.PerfCounter::add@-1 (line 98)
              ; - jdk.internal.perf.PerfCounter::addElapsedTimeFrom@6 (line 120)
              ; - java.net.URLClassLoader::defineClass@165 (line 516)
  0x03810454: 21b7 ffe9 | 97fa ffff | 8974 2404 

  0x03810460: ;   {runtime_call monitorenter_nofpu Runtime1 stub}
  0x03810460: 890c 24e8 

  0x03810464: ; ImmutableOopMap {[108]=Oop [104]=Oop [156]=Oop [160]=Oop esi=Oop [204]=Oop [212]=Oop }
              ;*synchronization entry
              ; - jdk.internal.perf.PerfCounter::get@-1 (line 84)
              ; - jdk.internal.perf.PerfCounter::add@1 (line 98)
              ; - jdk.internal.perf.PerfCounter::addElapsedTimeFrom@6 (line 120)
              ; - java.net.URLClassLoader::defineClass@165 (line 516)
  0x03810464: e821 b7ff | e9b1 faff 

  0x0381046c: ;   {runtime_call throw_null_pointer_exception Runtime1 stub}
  0x0381046c: ffe8 6e35 

  0x03810470: ; ImmutableOopMap {[108]=Oop [104]=Oop [156]=Oop [160]=Oop esi=Oop ecx=Oop [204]=Oop [212]=Oop }
              ;*invokevirtual get {reexecute=0 rethrow=0 return_oop=0}
              ; - jdk.internal.perf.PerfCounter::get@5 (line 84)
              ; - jdk.internal.perf.PerfCounter::add@1 (line 98)
              ; - jdk.internal.perf.PerfCounter::addElapsedTimeFrom@6 (line 120)
              ; - java.net.URLClassLoader::defineClass@165 (line 516)
  0x03810470: b7ff 8d84 | 24d0 0000 | 0089 0424 

  0x0381047c: ;   {runtime_call monitorexit_nofpu Runtime1 stub}
  0x0381047c: e88f 1fb7 | ffe9 d0fa 

  0x03810484: ;   {runtime_call throw_null_pointer_exception Runtime1 stub}
  0x03810484: ffff e855 

  0x03810488: ; ImmutableOopMap {[108]=Oop [104]=Oop [156]=Oop [160]=Oop esi=Oop [204]=Oop }
              ;*invokevirtual put {reexecute=0 rethrow=0 return_oop=0}
              ; - jdk.internal.perf.PerfCounter::add@13 (line 99)
              ; - jdk.internal.perf.PerfCounter::addElapsedTimeFrom@6 (line 120)
              ; - java.net.URLClassLoader::defineClass@165 (line 516)
  0x03810488: 35b7 ff8d | 8424 c800 | 0000 8904 

  0x03810494: ;   {runtime_call monitorexit_nofpu Runtime1 stub}
  0x03810494: 24e8 761f | b7ff e90b | fbff ff51 

  0x038104a0: ;   {internal_word}
  0x038104a0: 52b9 f2ff | 8003 648b | 1425 0000 | 0000 8b52 | f489 8a5c | 0200 005a 

  0x038104b8: ;   {runtime_call SafepointBlob}
  0x038104b8: 59e9 e253 | b9ff 8bd2 

  0x038104c0: ;   {runtime_call fast_new_instance Runtime1 stub}
  0x038104c0: e84b 31b7 

  0x038104c4: ; ImmutableOopMap {[108]=Oop [104]=Oop [128]=Oop [176]=Oop ebx=Oop }
              ;*new {reexecute=0 rethrow=0 return_oop=0}
              ; - java.net.URLClassLoader::defineClass@190 (line 522)
  0x038104c4: ffe9 a9fb 

  0x038104c8: ;   {runtime_call throw_null_pointer_exception Runtime1 stub}
  0x038104c8: ffff e811 

  0x038104cc: ; ImmutableOopMap {[108]=Oop [104]=Oop [176]=Oop [180]=Oop esi=Oop }
              ;*synchronization entry
              ; - jdk.internal.perf.PerfCounter::add@-1 (line 98)
              ; - jdk.internal.perf.PerfCounter::addElapsedTimeFrom@6 (line 120)
              ; - java.net.URLClassLoader::defineClass@207 (line 523)
  0x038104cc: 35b7 ff89 | 7424 0489 

  0x038104d4: ;   {runtime_call monitorenter_nofpu Runtime1 stub}
  0x038104d4: 0c24 e875 

  0x038104d8: ; ImmutableOopMap {[108]=Oop [104]=Oop [176]=Oop [180]=Oop esi=Oop [204]=Oop }
              ;*synchronization entry
              ; - jdk.internal.perf.PerfCounter::add@-1 (line 98)
              ; - jdk.internal.perf.PerfCounter::addElapsedTimeFrom@6 (line 120)
              ; - java.net.URLClassLoader::defineClass@207 (line 523)
  0x038104d8: 21b7 ffe9 | fbfb ffff | 8974 2404 

  0x038104e4: ;   {runtime_call monitorenter_nofpu Runtime1 stub}
  0x038104e4: 890c 24e8 

  0x038104e8: ; ImmutableOopMap {[108]=Oop [104]=Oop [176]=Oop [180]=Oop esi=Oop [204]=Oop [212]=Oop }
              ;*synchronization entry
              ; - jdk.internal.perf.PerfCounter::get@-1 (line 84)
              ; - jdk.internal.perf.PerfCounter::add@1 (line 98)
              ; - jdk.internal.perf.PerfCounter::addElapsedTimeFrom@6 (line 120)
              ; - java.net.URLClassLoader::defineClass@207 (line 523)
  0x038104e8: 6421 b7ff | e915 fcff 

  0x038104f0: ;   {runtime_call throw_null_pointer_exception Runtime1 stub}
  0x038104f0: ffe8 ea34 

  0x038104f4: ; ImmutableOopMap {[108]=Oop [104]=Oop [176]=Oop [180]=Oop esi=Oop ecx=Oop [204]=Oop [212]=Oop }
              ;*invokevirtual get {reexecute=0 rethrow=0 return_oop=0}
              ; - jdk.internal.perf.PerfCounter::get@5 (line 84)
              ; - jdk.internal.perf.PerfCounter::add@1 (line 98)
              ; - jdk.internal.perf.PerfCounter::addElapsedTimeFrom@6 (line 120)
              ; - java.net.URLClassLoader::defineClass@207 (line 523)
  0x038104f4: b7ff 8d84 | 24d0 0000 | 0089 0424 

  0x03810500: ;   {runtime_call monitorexit_nofpu Runtime1 stub}
  0x03810500: e80b 1fb7 | ffe9 34fc 

  0x03810508: ;   {runtime_call throw_null_pointer_exception Runtime1 stub}
  0x03810508: ffff e8d1 

  0x0381050c: ; ImmutableOopMap {[108]=Oop [104]=Oop [176]=Oop [180]=Oop esi=Oop [204]=Oop }
              ;*invokevirtual put {reexecute=0 rethrow=0 return_oop=0}
              ; - jdk.internal.perf.PerfCounter::add@13 (line 99)
              ; - jdk.internal.perf.PerfCounter::addElapsedTimeFrom@6 (line 120)
              ; - java.net.URLClassLoader::defineClass@207 (line 523)
  0x0381050c: 34b7 ff8d | 8424 c800 | 0000 8904 

  0x03810518: ;   {runtime_call monitorexit_nofpu Runtime1 stub}
  0x03810518: 24e8 f21e | b7ff e96f 

  0x03810520: ;   {runtime_call throw_null_pointer_exception Runtime1 stub}
  0x03810520: fcff ffe8 

  0x03810524: ; ImmutableOopMap {[108]=Oop [104]=Oop [180]=Oop eax=Oop [176]=Oop }
              ;*arraylength {reexecute=0 rethrow=0 return_oop=0}
              ; - java.net.URLClassLoader::defineClass@217 (line 524)
  0x03810524: b834 b7ff 

  0x03810528: ;   {internal_word}
  0x03810528: 5152 b9f6 | 0181 0364 | 8b14 2500 | 0000 008b | 52f4 898a | 5c02 0000 

  0x03810540: ;   {runtime_call SafepointBlob}
  0x03810540: 5a59 e959 | 53b9 ff8d | 8424 d000 | 0000 8904 

  0x03810550: ;   {runtime_call monitorexit_nofpu Runtime1 stub}
  0x03810550: 24e8 ba1e | b7ff e927 | fdff ff8d | 8424 c800 | 0000 8904 

  0x03810564: ;   {runtime_call monitorexit_nofpu Runtime1 stub}
  0x03810564: 24e8 a61e | b7ff e96a | fdff ff8d | 8424 d000 | 0000 8904 

  0x03810578: ;   {runtime_call monitorexit_nofpu Runtime1 stub}
  0x03810578: 24e8 921e | b7ff e9ab | fdff ff8d | 8424 c800 | 0000 8904 

  0x0381058c: ;   {runtime_call monitorexit_nofpu Runtime1 stub}
  0x0381058c: 24e8 7e1e | b7ff e9f0 | fdff ff8d | 8424 c800 | 0000 8904 

  0x038105a0: ;   {runtime_call monitorexit_nofpu Runtime1 stub}
  0x038105a0: 24e8 6a1e | b7ff e928 | feff ff8b | 8c24 a000 | 0000 e929 | fdff ff8b | 8c24 b400 | 0000 e975 
  0x038105c0: fcff ff8b | 8c24 a000 | 0000 e911 | fdff ff8b | 8c24 b400 | 0000 e95d | fcff ff90 | 9064 8b34 
  0x038105e0: 2500 0000 | 008b 76f4 | 8b86 8402 | 0000 c786 | 8402 0000 | 0000 0000 | c786 8802 | 0000 0000 
  0x03810600: 0000 81c4 | e800 0000 

  0x03810608: ;   {runtime_call unwind_exception Runtime1 stub}
  0x03810608: 5de9 023a | b7ff f4f4 
[Stub Code]
  0x03810610: ;   {no_reloc}
  0x03810610: 6690 bb90 

  0x03810614: ;   {runtime_call I2C/C2I adapters}
  0x03810614: f811 6de9 | 4757 b9ff 

  0x0381061c: ;   {static_stub}
  0x0381061c: 6690 bb00 

  0x03810620: ;   {runtime_call}
  0x03810620: 0000 00e9 | fbff ffff 

  0x03810628: ;   {static_stub}
  0x03810628: 6690 bb00 

  0x0381062c: ;   {runtime_call}
  0x0381062c: 0000 00e9 | fbff ffff 

  0x03810634: ;   {static_stub}
  0x03810634: 6690 bb08 

  0x03810638: ;   {runtime_call I2C/C2I adapters}
  0x03810638: 9a00 6de9 | 2357 b9ff 

  0x03810640: ;   {static_stub}
  0x03810640: 6690 bb00 

  0x03810644: ;   {runtime_call}
  0x03810644: 0000 00e9 | fbff ffff 

  0x0381064c: ;   {static_stub}
  0x0381064c: 6690 bb20 

  0x03810650: ;   {runtime_call I2C/C2I adapters}
  0x03810650: 1152 6de9 | 92c3 b8ff 

  0x03810658: ;   {static_stub}
  0x03810658: 6690 bb80 

  0x0381065c: ;   {runtime_call I2C/C2I adapters}
  0x0381065c: 1552 6de9 | 86c3 b8ff 

  0x03810664: ;   {static_stub}
  0x03810664: 6690 bb00 

  0x03810668: ;   {runtime_call}
  0x03810668: 0000 00e9 | fbff ffff 

  0x03810670: ;   {static_stub}
  0x03810670: 6690 bb00 

  0x03810674: ;   {runtime_call}
  0x03810674: 0000 00e9 | fbff ffff 

  0x0381067c: ;   {static_stub}
  0x0381067c: 6690 bb00 

  0x03810680: ;   {runtime_call}
  0x03810680: 0000 00e9 | fbff ffff 

  0x03810688: ;   {static_stub}
  0x03810688: 6690 bb00 

  0x0381068c: ;   {runtime_call}
  0x0381068c: 0000 00e9 | fbff ffff 

  0x03810694: ;   {static_stub}
  0x03810694: 6690 bb00 

  0x03810698: ;   {runtime_call}
  0x03810698: 0000 00e9 | fbff ffff 

  0x038106a0: ;   {static_stub}
  0x038106a0: 6690 bb00 

  0x038106a4: ;   {runtime_call}
  0x038106a4: 0000 00e9 | fbff ffff 

  0x038106ac: ;   {static_stub}
  0x038106ac: 6690 bb00 

  0x038106b0: ;   {runtime_call}
  0x038106b0: 0000 00e9 | fbff ffff 

  0x038106b8: ;   {static_stub}
  0x038106b8: 6690 bb00 

  0x038106bc: ;   {runtime_call}
  0x038106bc: 0000 00e9 | fbff ffff 

  0x038106c4: ;   {static_stub}
  0x038106c4: 6690 bb00 

  0x038106c8: ;   {runtime_call}
  0x038106c8: 0000 00e9 | fbff ffff 

  0x038106d0: ;   {static_stub}
  0x038106d0: 6690 bb00 

  0x038106d4: ;   {runtime_call}
  0x038106d4: 0000 00e9 | fbff ffff 

  0x038106dc: ;   {static_stub}
  0x038106dc: 6690 bb00 

  0x038106e0: ;   {runtime_call}
  0x038106e0: 0000 00e9 | fbff ffff 

  0x038106e8: ;   {static_stub}
  0x038106e8: 6690 bb00 

  0x038106ec: ;   {runtime_call}
  0x038106ec: 0000 00e9 | fbff ffff 

  0x038106f4: ;   {static_stub}
  0x038106f4: 6690 bb00 

  0x038106f8: ;   {runtime_call}
  0x038106f8: 0000 00e9 | fbff ffff 

  0x03810700: ;   {static_stub}
  0x03810700: 6690 bb00 

  0x03810704: ;   {runtime_call}
  0x03810704: 0000 00e9 | fbff ffff 

  0x0381070c: ;   {static_stub}
  0x0381070c: 6690 bb00 

  0x03810710: ;   {runtime_call}
  0x03810710: 0000 00e9 | fbff ffff 

  0x03810718: ;   {static_stub}
  0x03810718: 6690 bb00 

  0x0381071c: ;   {runtime_call}
  0x0381071c: 0000 00e9 | fbff ffff 

  0x03810724: ;   {static_stub}
  0x03810724: 6690 bbc0 

  0x03810728: ;   {runtime_call I2C/C2I adapters}
  0x03810728: 4d0b 6de9 | 3356 b9ff 

  0x03810730: ;   {static_stub}
  0x03810730: 6690 bb90 

  0x03810734: ;   {runtime_call I2C/C2I adapters}
  0x03810734: 273e 6de9 | 5dfa b8ff 

  0x0381073c: ;   {static_stub}
  0x0381073c: 6690 bb18 

  0x03810740: ;   {runtime_call I2C/C2I adapters}
  0x03810740: 293e 6de9 | 62ce b8ff 

  0x03810748: ;   {static_stub}
  0x03810748: 6690 bb28 

  0x0381074c: ;   {runtime_call I2C/C2I adapters}
  0x0381074c: e102 6de9 | 45f9 b8ff 

  0x03810754: ;   {static_stub}
  0x03810754: 6690 bb00 

  0x03810758: ;   {runtime_call}
  0x03810758: 0000 00e9 | fbff ffff 

  0x03810760: ;   {static_stub}
  0x03810760: 6690 bb00 

  0x03810764: ;   {runtime_call}
  0x03810764: 0000 00e9 | fbff ffff 

  0x0381076c: ;   {static_stub}
  0x0381076c: 6690 bb00 

  0x03810770: ;   {runtime_call}
  0x03810770: 0000 00e9 | fbff ffff 
[Exception Handler]
  0x03810778: ;   {runtime_call handle_exception_from_callee Runtime1 stub}
  0x03810778: e893 25b7 

  0x0381077c: ;   {external_word}
  0x0381077c: ff68 30b7 | 7767 e800 | 0000 0060 

  0x03810788: ;   {runtime_call}
  0x03810788: e8d3 87dc 

  0x0381078c: ;   {section_word}
  0x0381078c: 63f4 688e 

  0x03810790: ;   {runtime_call DeoptimizationBlob}
  0x03810790: 0781 03e9 | a84a b9ff 
[/MachCode]


---------------  P R O C E S S  ---------------

Threads class SMR info:
_java_thread_list=0x6ff06710, length=70, elements={
0x03284ab8, 0x6541a058, 0x6541b620, 0x654549a8,
0x6543d650, 0x6543e8c0, 0x65440f40, 0x65445e58,
0x654470f0, 0x65516080, 0x655ca878, 0x664fadd0,
0x681c9f10, 0x681f2bb8, 0x6830d810, 0x6830ce98,
0x6830bed0, 0x6830cb70, 0x68208ca0, 0x68207688,
0x689e9668, 0x689e9990, 0x689e8378, 0x692b7f98,
0x692ba8a0, 0x6b2abcc8, 0x6b2ad930, 0x6b2ac640,
0x6b2abff0, 0x6b2ac318, 0x6b2acc90, 0x6b2adc58,
0x6b2ab028, 0x6b2aa060, 0x6b2aa388, 0x6b2aa6b0,
0x6b2ab678, 0x6b2ac968, 0x6b6b6520, 0x6b6b71c0,
0x6b6b6848, 0x6b6b74e8, 0x6b6b6b70, 0x6b6b8e28,
0x6b6b5ba8, 0x6b6b7b38, 0x6b6b8188, 0x6b6b84b0,
0x6b6b5ed0, 0x6b6b61f8, 0x6b6b87d8, 0x6b6b9150,
0x6ae97eb0, 0x6ae96898, 0x6ae96bc0, 0x6ae98500,
0x6ae98e78, 0x6ae991a0, 0x6ae997f0, 0x6b60abf8,
0x6b608618, 0x6b608940, 0x6b609f58, 0x6b609c30,
0x6b60a280, 0x6b607fc8, 0x692b8f60, 0x692b9f28,
0x692ba250, 0x692b9288
}

Java Threads: ( => current thread )
  0x03284ab8 JavaThread "main" [_thread_blocked, id=12300, stack(0x02a10000,0x02a60000)]
  0x6541a058 JavaThread "Reference Handler" daemon [_thread_blocked, id=2024, stack(0x05360000,0x053b0000)]
  0x6541b620 JavaThread "Finalizer" daemon [_thread_blocked, id=15604, stack(0x65600000,0x65650000)]
  0x654549a8 JavaThread "Signal Dispatcher" daemon [_thread_blocked, id=32, stack(0x65790000,0x657e0000)]
  0x6543d650 JavaThread "Attach Listener" daemon [_thread_blocked, id=16036, stack(0x65820000,0x65870000)]
  0x6543e8c0 JavaThread "Service Thread" daemon [_thread_blocked, id=16476, stack(0x658b0000,0x65900000)]
  0x65440f40 JavaThread "Monitor Deflation Thread" daemon [_thread_blocked, id=17632, stack(0x65940000,0x65990000)]
  0x65445e58 JavaThread "C1 CompilerThread0" daemon [_thread_blocked, id=584, stack(0x659d0000,0x65a20000)]
  0x654470f0 JavaThread "Sweeper thread" daemon [_thread_blocked, id=13360, stack(0x65a60000,0x65ab0000)]
  0x65516080 JavaThread "Common-Cleaner" daemon [_thread_blocked, id=18144, stack(0x65af0000,0x65b40000)]
  0x655ca878 JavaThread "Notification Thread" daemon [_thread_blocked, id=17604, stack(0x65b80000,0x65bd0000)]
  0x664fadd0 JavaThread "Daemon health stats" [_thread_blocked, id=19032, stack(0x668a0000,0x668f0000)]
  0x681c9f10 JavaThread "Incoming local TCP Connector on port 58372" [_thread_in_native, id=13056, stack(0x66c70000,0x66cc0000)]
  0x681f2bb8 JavaThread "Daemon periodic checks" [_thread_blocked, id=15836, stack(0x66e50000,0x66ea0000)]
  0x6830d810 JavaThread "Cache worker for journal cache (C:\Users\Ahmad\.gradle\caches\journal-1)" [_thread_blocked, id=18696, stack(0x68b10000,0x68b60000)]
  0x6830ce98 JavaThread "File lock request listener" [_thread_in_native, id=18912, stack(0x68ba0000,0x68bf0000)]
  0x6830bed0 JavaThread "Cache worker for file hash cache (C:\Users\Ahmad\.gradle\caches\8.11.1\fileHashes)" [_thread_blocked, id=15716, stack(0x68c30000,0x68c80000)]
  0x6830cb70 JavaThread "Cache worker for file content cache (C:\Users\Ahmad\.gradle\caches\8.11.1\fileContent)" [_thread_blocked, id=15296, stack(0x68ce0000,0x68d30000)]
  0x68208ca0 JavaThread "File watcher server" daemon [_thread_in_native, id=17620, stack(0x68ee0000,0x68f30000)]
  0x68207688 JavaThread "File watcher consumer" daemon [_thread_blocked, id=10056, stack(0x68f30000,0x68f80000)]
  0x689e9668 JavaThread "jar transforms" [_thread_blocked, id=5508, stack(0x6a1d0000,0x6a220000)]
  0x689e9990 JavaThread "jar transforms Thread 2" [_thread_blocked, id=15800, stack(0x6a260000,0x6a2b0000)]
  0x689e8378 JavaThread "jar transforms Thread 3" [_thread_blocked, id=17676, stack(0x6a2f0000,0x6a340000)]
  0x692b7f98 JavaThread "jar transforms Thread 4" [_thread_blocked, id=19004, stack(0x6aa40000,0x6aa90000)]
  0x692ba8a0 JavaThread "Memory manager" [_thread_blocked, id=18808, stack(0x6acb0000,0x6ad00000)]
  0x6b2abcc8 JavaThread "Daemon Thread 2" [_thread_blocked, id=17288, stack(0x00f10000,0x00f60000)]
  0x6b2ad930 JavaThread "Handler for socket connection from /127.0.0.1:58372 to /127.0.0.1:64461" [_thread_in_native, id=11064, stack(0x00fd0000,0x01020000)]
  0x6b2ac640 JavaThread "Cancel handler" [_thread_blocked, id=14104, stack(0x01060000,0x010b0000)]
  0x6b2abff0 JavaThread "Daemon worker Thread 2" [_thread_blocked, id=8940, stack(0x66ee0000,0x66f30000)]
  0x6b2ac318 JavaThread "Asynchronous log dispatcher for DefaultDaemonConnection: socket connection from /127.0.0.1:58372 to /127.0.0.1:64461" [_thread_blocked, id=15440, stack(0x66f70000,0x66fc0000)]
  0x6b2acc90 JavaThread "Stdin handler" [_thread_blocked, id=6968, stack(0x67000000,0x67050000)]
  0x6b2adc58 JavaThread "Daemon client event forwarder" [_thread_blocked, id=15516, stack(0x67090000,0x670e0000)]
  0x6b2ab028 JavaThread "Cache worker for file hash cache (E:\studyverse-ai - Copy\.gradle\8.11.1\fileHashes)" [_thread_blocked, id=16136, stack(0x67120000,0x67170000)]
  0x6b2aa060 JavaThread "Cache worker for Build Output Cleanup Cache (E:\studyverse-ai - Copy\.gradle\buildOutputCleanup)" [_thread_blocked, id=19364, stack(0x671b0000,0x67200000)]
  0x6b2aa388 JavaThread "Cache worker for checksums cache (E:\studyverse-ai - Copy\.gradle\8.11.1\checksums)" [_thread_blocked, id=19096, stack(0x67240000,0x67290000)]
  0x6b2aa6b0 JavaThread "Cache worker for cache directory md-rule (C:\Users\Ahmad\.gradle\caches\8.11.1\md-rule)" [_thread_blocked, id=7812, stack(0x68d70000,0x68dc0000)]
  0x6b2ab678 JavaThread "Cache worker for cache directory md-supplier (C:\Users\Ahmad\.gradle\caches\8.11.1\md-supplier)" [_thread_blocked, id=17772, stack(0x68e00000,0x68e50000)]
  0x6b2ac968 JavaThread "Problems report writer" [_thread_blocked, id=14864, stack(0x68fc0000,0x69010000)]
  0x6b6b6520 JavaThread "Unconstrained build operations" [_thread_blocked, id=18120, stack(0x69050000,0x690a0000)]
  0x6b6b71c0 JavaThread "Unconstrained build operations Thread 2" [_thread_blocked, id=9832, stack(0x69170000,0x691c0000)]
  0x6b6b6848 JavaThread "Unconstrained build operations Thread 3" [_thread_blocked, id=15448, stack(0x6a380000,0x6a3d0000)]
  0x6b6b74e8 JavaThread "Unconstrained build operations Thread 4" [_thread_blocked, id=18076, stack(0x6a410000,0x6a460000)]
  0x6b6b6b70 JavaThread "Unconstrained build operations Thread 5" [_thread_blocked, id=18036, stack(0x6a4a0000,0x6a4f0000)]
  0x6b6b8e28 JavaThread "Unconstrained build operations Thread 6" [_thread_blocked, id=14360, stack(0x6a530000,0x6a580000)]
  0x6b6b5ba8 JavaThread "included builds" [_thread_blocked, id=15704, stack(0x6a5c0000,0x6a610000)]
  0x6b6b7b38 JavaThread "Execution worker" [_thread_blocked, id=15988, stack(0x6a650000,0x6a6a0000)]
  0x6b6b8188 JavaThread "Execution worker Thread 2" [_thread_blocked, id=18300, stack(0x6a6e0000,0x6a730000)]
  0x6b6b84b0 JavaThread "Execution worker Thread 3" [_thread_blocked, id=16032, stack(0x6a770000,0x6a7c0000)]
  0x6b6b5ed0 JavaThread "Cache worker for execution history cache (E:\studyverse-ai - Copy\.gradle\8.11.1\executionHistory)" [_thread_blocked, id=18048, stack(0x6a800000,0x6a850000)]
  0x6b6b61f8 JavaThread "WorkerExecutor Queue" [_thread_blocked, id=16824, stack(0x6a890000,0x6a8e0000)]
=>0x6b6b87d8 JavaThread "WorkerExecutor Queue Thread 2" [_thread_in_vm, id=16144, stack(0x6a920000,0x6a970000)]
  0x6b6b9150 JavaThread "Unconstrained build operations Thread 7" [_thread_blocked, id=17096, stack(0x6a9b0000,0x6aa00000)]
  0x6ae97eb0 JavaThread "Unconstrained build operations Thread 8" [_thread_blocked, id=17832, stack(0x6ad00000,0x6ad50000)]
  0x6ae96898 JavaThread "Unconstrained build operations Thread 9" [_thread_blocked, id=7084, stack(0x6bda0000,0x6bdf0000)]
  0x6ae96bc0 JavaThread "WorkerExecutor Queue Thread 4" [_thread_blocked, id=18816, stack(0x6bec0000,0x6bf10000)]
  0x6ae98500 JavaThread "Unconstrained build operations Thread 10" [_thread_blocked, id=16688, stack(0x6bf50000,0x6bfa0000)]
  0x6ae98e78 JavaThread "pool-10-thread-1" [_thread_blocked, id=12824, stack(0x6bfe0000,0x6c030000)]
  0x6ae991a0 JavaThread "stderr" [_thread_in_native, id=16936, stack(0x6c070000,0x6c0c0000)]
  0x6ae997f0 JavaThread "stdout" [_thread_in_native, id=10952, stack(0x6c200000,0x6c250000)]
  0x6b60abf8 JavaThread "stderr" [_thread_in_native, id=18656, stack(0x6c290000,0x6c2e0000)]
  0x6b608618 JavaThread "stdout" [_thread_in_native, id=19340, stack(0x6c320000,0x6c370000)]
  0x6b608940 JavaThread "stderr" [_thread_in_native, id=18760, stack(0x6c3b0000,0x6c400000)]
  0x6b609f58 JavaThread "stdout" [_thread_in_native, id=5100, stack(0x6c440000,0x6c490000)]
  0x6b609c30 JavaThread "WorkerExecutor Queue Thread 5" [_thread_blocked, id=15744, stack(0x6c4d0000,0x6c520000)]
  0x6b60a280 JavaThread "Cache worker for Java compile cache (C:\Users\Ahmad\.gradle\caches\8.11.1\javaCompile)" [_thread_blocked, id=15652, stack(0x6be30000,0x6be80000)]
  0x6b607fc8 JavaThread "Build operations" [_thread_blocked, id=18412, stack(0x6c6c0000,0x6c710000)]
  0x692b8f60 JavaThread "Build operations Thread 2" [_thread_blocked, id=15936, stack(0x6c750000,0x6c7a0000)]
  0x692b9f28 JavaThread "Build operations Thread 3" [_thread_blocked, id=15820, stack(0x6c7e0000,0x6c830000)]
  0x692ba250 JavaThread "ForkJoinPool-1-worker-1" daemon [_thread_blocked, id=6360, stack(0x6c870000,0x6c8c0000)]
  0x692b9288 JavaThread "ForkJoinPool-1-worker-2" daemon [_thread_blocked, id=14612, stack(0x6c900000,0x6c950000)]

Other Threads:
  0x65416568 VMThread "VM Thread" [stack: 0x031b0000,0x03200000] [id=18448] _threads_hazard_ptr=0x6ff06710
  0x655cad88 WatcherThread [stack: 0x65c10000,0x65c60000] [id=16704]

Threads with active compile tasks:

VM state: synchronizing (normal execution)

VM Mutex/Monitor currently owned by a thread:  ([mutex/lock_event])
[0x01196f40] Metaspace_lock - owner thread: 0x6b6b87d8
[0x032830d0] Threads_lock - owner thread: 0x65416568

GC Precious Log:
 CPUs: 4 total, 4 available
 Memory: 8072M
 Large Page Support: Disabled
 NUMA Support: Disabled
 Compressed Oops: Disabled
 Heap Min Capacity: 6M
 Heap Initial Capacity: 16M
 Heap Max Capacity: 1536M
 Pre-touch: Disabled

Heap:
 def new generation   total 128832K, used 26686K [0x05400000, 0x0dfc0000, 0x25400000)
  eden space 114560K,  20% used [0x05400000, 0x06b722b8, 0x0c3e0000)
  from space 14272K,  18% used [0x0c3e0000, 0x0c67d820, 0x0d1d0000)
  to   space 14272K,   0% used [0x0d1d0000, 0x0d1d0000, 0x0dfc0000)
 tenured generation   total 285648K, used 171386K [0x25400000, 0x36af4000, 0x65400000)
   the space 285648K,  59% used [0x25400000, 0x2fb5e9b8, 0x2fb5ea00, 0x36af4000)
 Metaspace       used 97746K, committed 98240K, reserved 98304K

Card table byte_map: [0x02c50000,0x02f60000] _byte_map_base: 0x02c26000

Polling page: 0x01120000

Metaspace:

Usage:
   95.46 MB used.

Virtual space:
     96.00 MB reserved,      95.94 MB (>99%) committed,  6 nodes.

Chunk freelists:
0 bytes

MaxMetaspaceSize: unlimited
No class space
Initial GC threshold: 16.00 MB
Current GC threshold: 159.19 MB
CDS: off
MetaspaceReclaimPolicy: balanced
 - commit_granule_bytes: 65536.
 - commit_granule_words: 16384.
 - virtual_space_node_default_size: 4194304.
 - enlarge_chunks_in_place: 1.
 - new_chunks_are_fully_committed: 0.
 - uncommit_free_chunks: 1.
 - use_allocation_guard: 0.
 - handle_deallocations: 1.


Internal statistics:

num_allocs_failed_limit: 9.
num_arena_births: 902.
num_arena_deaths: 227.
num_vsnodes_births: 6.
num_vsnodes_deaths: 0.
num_space_committed: 1535.
num_space_uncommitted: 0.
num_chunks_returned_to_freelist: 263.
num_chunks_taken_from_freelist: 4488.
num_chunk_merges: 87.
num_chunk_splits: 3245.
num_chunks_enlarged: 2637.
num_inconsistent_stats: 0.

CodeCache: size=32768Kb used=11289Kb max_used=29763Kb free=21478Kb
 bounds [0x03360000, 0x05080000, 0x05360000]
 total_blobs=8388 nmethods=7865 adapters=454
 compilation: enabled
              stopped_count=0, restarted_count=0
 full_count=0

Compilation events (20 events):
Event: 5729.393 Thread 0x65445e58 27785             com.android.tools.r8.internal.Wi$$Lambda$4970/0x7cfebc58::accept (16 bytes)
Event: 5729.393 Thread 0x65445e58 nmethod 27785 0x03ccd2c8 code [0x03ccd3e0, 0x03ccd4cc]
Event: 5729.393 Thread 0x65445e58 27786             com.android.tools.r8.internal.Wi::a (10 bytes)
Event: 5729.393 Thread 0x65445e58 nmethod 27786 0x03ccd088 code [0x03ccd1a0, 0x03ccd25c]
Event: 5729.398 Thread 0x65445e58 27788             java.util.zip.ZipFile$InflaterCleanupAction::run (12 bytes)
Event: 5729.398 Thread 0x65445e58 nmethod 27788 0x03cccdc8 code [0x03cccee0, 0x03cccfcc]
Event: 5729.398 Thread 0x65445e58 27789   !         java.util.zip.ZipFile$CleanableResource::releaseInflater (53 bytes)
Event: 5729.399 Thread 0x65445e58 nmethod 27789 0x041f8ac8 code [0x041f8c10, 0x041f8e84]
Event: 5729.399 Thread 0x65445e58 27787   !         java.util.zip.ZipFile$ZipFileInflaterInputStream::close (67 bytes)
Event: 5729.399 Thread 0x65445e58 nmethod 27787 0x041f8388 code [0x041f8500, 0x041f8818]
Event: 5729.423 Thread 0x65445e58 27790             com.android.tools.r8.naming.N0::<init> (42 bytes)
Event: 5729.423 Thread 0x65445e58 nmethod 27790 0x03cccbc8 code [0x03ccccd0, 0x03cccd90]
Event: 5729.474 Thread 0x65445e58 27791             java.util.concurrent.locks.ReentrantLock$NonfairSync::tryAcquire (27 bytes)
Event: 5729.475 Thread 0x65445e58 nmethod 27791 0x041f8088 code [0x041f81a0, 0x041f8300]
Event: 5729.475 Thread 0x65445e58 27792             java.util.concurrent.locks.AbstractQueuedSynchronizer$ConditionObject::unlinkCancelledWaiters (91 bytes)
Event: 5729.475 Thread 0x65445e58 nmethod 27792 0x041f7cc8 code [0x041f7de0, 0x041f7f70]
Event: 5729.475 Thread 0x65445e58 27793             java.util.concurrent.locks.AbstractQueuedSynchronizer$ConditionObject::enableWait (84 bytes)
Event: 5729.476 Thread 0x65445e58 nmethod 27793 0x041f7748 code [0x041f78a0, 0x041f7b20]
Event: 5729.476 Thread 0x65445e58 27794             java.util.concurrent.locks.AbstractQueuedSynchronizer$Node::setStatusRelaxed (12 bytes)
Event: 5729.476 Thread 0x65445e58 nmethod 27794 0x03ccc9c8 code [0x03cccad0, 0x03cccb80]

GC Heap History (20 events):
Event: 5722.563 GC heap before
{Heap before GC invocations=118 (full 7):
 def new generation   total 119616K, used 110834K [0x05400000, 0x0d5c0000, 0x25400000)
  eden space 106368K, 100% used [0x05400000, 0x0bbe0000, 0x0bbe0000)
  from space 13248K,  33% used [0x0c8d0000, 0x0cd2c990, 0x0d5c0000)
  to   space 13248K,   0% used [0x0bbe0000, 0x0bbe0000, 0x0c8d0000)
 tenured generation   total 265160K, used 262515K [0x25400000, 0x356f2000, 0x65400000)
   the space 265160K,  99% used [0x25400000, 0x3545ccc8, 0x3545ce00, 0x356f2000)
 Metaspace       used 95313K, committed 95872K, reserved 98304K
}
Event: 5722.578 GC heap after
{Heap after GC invocations=119 (full 7):
 def new generation   total 119616K, used 4588K [0x05400000, 0x0d5c0000, 0x25400000)
  eden space 106368K,   0% used [0x05400000, 0x05400000, 0x0bbe0000)
  from space 13248K,  34% used [0x0bbe0000, 0x0c05b028, 0x0c8d0000)
  to   space 13248K,   0% used [0x0c8d0000, 0x0c8d0000, 0x0d5c0000)
 tenured generation   total 265160K, used 262515K [0x25400000, 0x356f2000, 0x65400000)
   the space 265160K,  99% used [0x25400000, 0x3545ccc8, 0x3545ce00, 0x356f2000)
 Metaspace       used 95313K, committed 95872K, reserved 98304K
}
Event: 5722.935 GC heap before
{Heap before GC invocations=119 (full 7):
 def new generation   total 119616K, used 110956K [0x05400000, 0x0d5c0000, 0x25400000)
  eden space 106368K, 100% used [0x05400000, 0x0bbe0000, 0x0bbe0000)
  from space 13248K,  34% used [0x0bbe0000, 0x0c05b028, 0x0c8d0000)
  to   space 13248K,   0% used [0x0c8d0000, 0x0c8d0000, 0x0d5c0000)
 tenured generation   total 265160K, used 262515K [0x25400000, 0x356f2000, 0x65400000)
   the space 265160K,  99% used [0x25400000, 0x3545ccc8, 0x3545ce00, 0x356f2000)
 Metaspace       used 95431K, committed 96000K, reserved 98304K
}
Event: 5722.949 GC heap after
{Heap after GC invocations=120 (full 7):
 def new generation   total 119616K, used 4293K [0x05400000, 0x0d5c0000, 0x25400000)
  eden space 106368K,   0% used [0x05400000, 0x05400000, 0x0bbe0000)
  from space 13248K,  32% used [0x0c8d0000, 0x0cd01420, 0x0d5c0000)
  to   space 13248K,   0% used [0x0bbe0000, 0x0bbe0000, 0x0c8d0000)
 tenured generation   total 265160K, used 262515K [0x25400000, 0x356f2000, 0x65400000)
   the space 265160K,  99% used [0x25400000, 0x3545ccc8, 0x3545ce00, 0x356f2000)
 Metaspace       used 95431K, committed 96000K, reserved 98304K
}
Event: 5723.831 GC heap before
{Heap before GC invocations=120 (full 7):
 def new generation   total 119616K, used 110661K [0x05400000, 0x0d5c0000, 0x25400000)
  eden space 106368K, 100% used [0x05400000, 0x0bbe0000, 0x0bbe0000)
  from space 13248K,  32% used [0x0c8d0000, 0x0cd01420, 0x0d5c0000)
  to   space 13248K,   0% used [0x0bbe0000, 0x0bbe0000, 0x0c8d0000)
 tenured generation   total 265160K, used 262515K [0x25400000, 0x356f2000, 0x65400000)
   the space 265160K,  99% used [0x25400000, 0x3545ccc8, 0x3545ce00, 0x356f2000)
 Metaspace       used 95635K, committed 96192K, reserved 98304K
}
Event: 5723.850 GC heap after
{Heap after GC invocations=121 (full 7):
 def new generation   total 119616K, used 6003K [0x05400000, 0x0d5c0000, 0x25400000)
  eden space 106368K,   0% used [0x05400000, 0x05400000, 0x0bbe0000)
  from space 13248K,  45% used [0x0bbe0000, 0x0c1bcf80, 0x0c8d0000)
  to   space 13248K,   0% used [0x0c8d0000, 0x0c8d0000, 0x0d5c0000)
 tenured generation   total 265160K, used 262515K [0x25400000, 0x356f2000, 0x65400000)
   the space 265160K,  99% used [0x25400000, 0x3545ccc8, 0x3545ce00, 0x356f2000)
 Metaspace       used 95635K, committed 96192K, reserved 98304K
}
Event: 5725.193 GC heap before
{Heap before GC invocations=121 (full 7):
 def new generation   total 119616K, used 112371K [0x05400000, 0x0d5c0000, 0x25400000)
  eden space 106368K, 100% used [0x05400000, 0x0bbe0000, 0x0bbe0000)
  from space 13248K,  45% used [0x0bbe0000, 0x0c1bcf80, 0x0c8d0000)
  to   space 13248K,   0% used [0x0c8d0000, 0x0c8d0000, 0x0d5c0000)
 tenured generation   total 265160K, used 262515K [0x25400000, 0x356f2000, 0x65400000)
   the space 265160K,  99% used [0x25400000, 0x3545ccc8, 0x3545ce00, 0x356f2000)
 Metaspace       used 96187K, committed 96704K, reserved 98304K
}
Event: 5725.231 GC heap after
{Heap after GC invocations=122 (full 7):
 def new generation   total 119616K, used 9318K [0x05400000, 0x0d5c0000, 0x25400000)
  eden space 106368K,   0% used [0x05400000, 0x05400000, 0x0bbe0000)
  from space 13248K,  70% used [0x0c8d0000, 0x0d1e9a20, 0x0d5c0000)
  to   space 13248K,   0% used [0x0bbe0000, 0x0bbe0000, 0x0c8d0000)
 tenured generation   total 265160K, used 262515K [0x25400000, 0x356f2000, 0x65400000)
   the space 265160K,  99% used [0x25400000, 0x3545ccc8, 0x3545ce00, 0x356f2000)
 Metaspace       used 96187K, committed 96704K, reserved 98304K
}
Event: 5726.562 GC heap before
{Heap before GC invocations=122 (full 7):
 def new generation   total 119616K, used 115686K [0x05400000, 0x0d5c0000, 0x25400000)
  eden space 106368K, 100% used [0x05400000, 0x0bbe0000, 0x0bbe0000)
  from space 13248K,  70% used [0x0c8d0000, 0x0d1e9a20, 0x0d5c0000)
  to   space 13248K,   0% used [0x0bbe0000, 0x0bbe0000, 0x0c8d0000)
 tenured generation   total 265160K, used 262515K [0x25400000, 0x356f2000, 0x65400000)
   the space 265160K,  99% used [0x25400000, 0x3545ccc8, 0x3545ce00, 0x356f2000)
 Metaspace       used 97230K, committed 97792K, reserved 98304K
}
Event: 5726.598 GC heap after
{Heap after GC invocations=123 (full 7):
 def new generation   total 119616K, used 6746K [0x05400000, 0x0d5c0000, 0x25400000)
  eden space 106368K,   0% used [0x05400000, 0x05400000, 0x0bbe0000)
  from space 13248K,  50% used [0x0bbe0000, 0x0c276968, 0x0c8d0000)
  to   space 13248K,   0% used [0x0c8d0000, 0x0c8d0000, 0x0d5c0000)
 tenured generation   total 265160K, used 265153K [0x25400000, 0x356f2000, 0x65400000)
   the space 265160K,  99% used [0x25400000, 0x356f07c8, 0x356f0800, 0x356f2000)
 Metaspace       used 97230K, committed 97792K, reserved 98304K
}
Event: 5726.598 GC heap before
{Heap before GC invocations=123 (full 7):
 def new generation   total 119616K, used 6746K [0x05400000, 0x0d5c0000, 0x25400000)
  eden space 106368K,   0% used [0x05400000, 0x05400000, 0x0bbe0000)
  from space 13248K,  50% used [0x0bbe0000, 0x0c276968, 0x0c8d0000)
  to   space 13248K,   0% used [0x0c8d0000, 0x0c8d0000, 0x0d5c0000)
 tenured generation   total 265160K, used 265153K [0x25400000, 0x356f2000, 0x65400000)
   the space 265160K,  99% used [0x25400000, 0x356f07c8, 0x356f0800, 0x356f2000)
 Metaspace       used 97230K, committed 97792K, reserved 98304K
}
Event: 5727.327 GC heap after
{Heap after GC invocations=123 (full 8):
 def new generation   total 128832K, used 0K [0x05400000, 0x0dfc0000, 0x25400000)
  eden space 114560K,   0% used [0x05400000, 0x05400000, 0x0c3e0000)
  from space 14272K,   0% used [0x0c3e0000, 0x0c3e0000, 0x0d1d0000)
  to   space 14272K,   0% used [0x0d1d0000, 0x0d1d0000, 0x0dfc0000)
 tenured generation   total 285648K, used 171386K [0x25400000, 0x36af4000, 0x65400000)
   the space 285648K,  59% used [0x25400000, 0x2fb5e9b8, 0x2fb5ea00, 0x36af4000)
 Metaspace       used 97219K, committed 97792K, reserved 98304K
}
Event: 5727.730 GC heap before
{Heap before GC invocations=123 (full 8):
 def new generation   total 128832K, used 114560K [0x05400000, 0x0dfc0000, 0x25400000)
  eden space 114560K, 100% used [0x05400000, 0x0c3e0000, 0x0c3e0000)
  from space 14272K,   0% used [0x0c3e0000, 0x0c3e0000, 0x0d1d0000)
  to   space 14272K,   0% used [0x0d1d0000, 0x0d1d0000, 0x0dfc0000)
 tenured generation   total 285648K, used 171386K [0x25400000, 0x36af4000, 0x65400000)
   the space 285648K,  59% used [0x25400000, 0x2fb5e9b8, 0x2fb5ea00, 0x36af4000)
 Metaspace       used 97255K, committed 97792K, reserved 98304K
}
Event: 5727.736 GC heap after
{Heap after GC invocations=124 (full 8):
 def new generation   total 128832K, used 757K [0x05400000, 0x0dfc0000, 0x25400000)
  eden space 114560K,   0% used [0x05400000, 0x05400000, 0x0c3e0000)
  from space 14272K,   5% used [0x0d1d0000, 0x0d28d538, 0x0dfc0000)
  to   space 14272K,   0% used [0x0c3e0000, 0x0c3e0000, 0x0d1d0000)
 tenured generation   total 285648K, used 171386K [0x25400000, 0x36af4000, 0x65400000)
   the space 285648K,  59% used [0x25400000, 0x2fb5e9b8, 0x2fb5ea00, 0x36af4000)
 Metaspace       used 97255K, committed 97792K, reserved 98304K
}
Event: 5728.043 GC heap before
{Heap before GC invocations=124 (full 8):
 def new generation   total 128832K, used 115317K [0x05400000, 0x0dfc0000, 0x25400000)
  eden space 114560K, 100% used [0x05400000, 0x0c3e0000, 0x0c3e0000)
  from space 14272K,   5% used [0x0d1d0000, 0x0d28d538, 0x0dfc0000)
  to   space 14272K,   0% used [0x0c3e0000, 0x0c3e0000, 0x0d1d0000)
 tenured generation   total 285648K, used 171386K [0x25400000, 0x36af4000, 0x65400000)
   the space 285648K,  59% used [0x25400000, 0x2fb5e9b8, 0x2fb5ea00, 0x36af4000)
 Metaspace       used 97287K, committed 97792K, reserved 98304K
}
Event: 5728.049 GC heap after
{Heap after GC invocations=125 (full 8):
 def new generation   total 128832K, used 1325K [0x05400000, 0x0dfc0000, 0x25400000)
  eden space 114560K,   0% used [0x05400000, 0x05400000, 0x0c3e0000)
  from space 14272K,   9% used [0x0c3e0000, 0x0c52b708, 0x0d1d0000)
  to   space 14272K,   0% used [0x0d1d0000, 0x0d1d0000, 0x0dfc0000)
 tenured generation   total 285648K, used 171386K [0x25400000, 0x36af4000, 0x65400000)
   the space 285648K,  59% used [0x25400000, 0x2fb5e9b8, 0x2fb5ea00, 0x36af4000)
 Metaspace       used 97287K, committed 97792K, reserved 98304K
}
Event: 5728.328 GC heap before
{Heap before GC invocations=125 (full 8):
 def new generation   total 128832K, used 115885K [0x05400000, 0x0dfc0000, 0x25400000)
  eden space 114560K, 100% used [0x05400000, 0x0c3e0000, 0x0c3e0000)
  from space 14272K,   9% used [0x0c3e0000, 0x0c52b708, 0x0d1d0000)
  to   space 14272K,   0% used [0x0d1d0000, 0x0d1d0000, 0x0dfc0000)
 tenured generation   total 285648K, used 171386K [0x25400000, 0x36af4000, 0x65400000)
   the space 285648K,  59% used [0x25400000, 0x2fb5e9b8, 0x2fb5ea00, 0x36af4000)
 Metaspace       used 97296K, committed 97856K, reserved 98304K
}
Event: 5728.337 GC heap after
{Heap after GC invocations=126 (full 8):
 def new generation   total 128832K, used 1935K [0x05400000, 0x0dfc0000, 0x25400000)
  eden space 114560K,   0% used [0x05400000, 0x05400000, 0x0c3e0000)
  from space 14272K,  13% used [0x0d1d0000, 0x0d3b3ea0, 0x0dfc0000)
  to   space 14272K,   0% used [0x0c3e0000, 0x0c3e0000, 0x0d1d0000)
 tenured generation   total 285648K, used 171386K [0x25400000, 0x36af4000, 0x65400000)
   the space 285648K,  59% used [0x25400000, 0x2fb5e9b8, 0x2fb5ea00, 0x36af4000)
 Metaspace       used 97296K, committed 97856K, reserved 98304K
}
Event: 5728.815 GC heap before
{Heap before GC invocations=126 (full 8):
 def new generation   total 128832K, used 116495K [0x05400000, 0x0dfc0000, 0x25400000)
  eden space 114560K, 100% used [0x05400000, 0x0c3e0000, 0x0c3e0000)
  from space 14272K,  13% used [0x0d1d0000, 0x0d3b3ea0, 0x0dfc0000)
  to   space 14272K,   0% used [0x0c3e0000, 0x0c3e0000, 0x0d1d0000)
 tenured generation   total 285648K, used 171386K [0x25400000, 0x36af4000, 0x65400000)
   the space 285648K,  59% used [0x25400000, 0x2fb5e9b8, 0x2fb5ea00, 0x36af4000)
 Metaspace       used 97331K, committed 97856K, reserved 98304K
}
Event: 5728.829 GC heap after
{Heap after GC invocations=127 (full 8):
 def new generation   total 128832K, used 2678K [0x05400000, 0x0dfc0000, 0x25400000)
  eden space 114560K,   0% used [0x05400000, 0x05400000, 0x0c3e0000)
  from space 14272K,  18% used [0x0c3e0000, 0x0c67d820, 0x0d1d0000)
  to   space 14272K,   0% used [0x0d1d0000, 0x0d1d0000, 0x0dfc0000)
 tenured generation   total 285648K, used 171386K [0x25400000, 0x36af4000, 0x65400000)
   the space 285648K,  59% used [0x25400000, 0x2fb5e9b8, 0x2fb5ea00, 0x36af4000)
 Metaspace       used 97331K, committed 97856K, reserved 98304K
}

Dll operation events (14 events):
Event: 0.023 Loaded shared library C:\Users\Ahmad\.bubblewrap\jdk\jdk-17.0.11+9\bin\java.dll
Event: 0.302 Loaded shared library C:\Users\Ahmad\.bubblewrap\jdk\jdk-17.0.11+9\bin\zip.dll
Event: 0.307 Loaded shared library C:\Users\Ahmad\.bubblewrap\jdk\jdk-17.0.11+9\bin\instrument.dll
Event: 0.334 Loaded shared library C:\Users\Ahmad\.bubblewrap\jdk\jdk-17.0.11+9\bin\net.dll
Event: 0.336 Loaded shared library C:\Users\Ahmad\.bubblewrap\jdk\jdk-17.0.11+9\bin\nio.dll
Event: 0.349 Loaded shared library C:\Users\Ahmad\.bubblewrap\jdk\jdk-17.0.11+9\bin\zip.dll
Event: 1.275 Loaded shared library C:\Users\Ahmad\.bubblewrap\jdk\jdk-17.0.11+9\bin\jimage.dll
Event: 1.675 Loaded shared library C:\Users\Ahmad\.bubblewrap\jdk\jdk-17.0.11+9\bin\verify.dll
Event: 1.869 Loaded shared library C:\Users\Ahmad\.gradle\native\c067742578af261105cb4f569cf0c3c89f3d7b1fecec35dd04571415982c5e48\windows-i386\native-platform.dll
Event: 1.924 Loaded shared library C:\Users\Ahmad\.gradle\native\100fb08df4bc3b14c8652ba06237920a3bd2aa13389f12d3474272988ae205f9\windows-i386\native-platform-file-events.dll
Event: 7.481 Loaded shared library C:\Users\Ahmad\.bubblewrap\jdk\jdk-17.0.11+9\bin\management.dll
Event: 7.488 Loaded shared library C:\Users\Ahmad\.bubblewrap\jdk\jdk-17.0.11+9\bin\management_ext.dll
Event: 9.868 Loaded shared library C:\Users\Ahmad\.bubblewrap\jdk\jdk-17.0.11+9\bin\extnet.dll
Event: 11.806 Loaded shared library C:\Users\Ahmad\.bubblewrap\jdk\jdk-17.0.11+9\bin\sunmscapi.dll

Deoptimization events (20 events):
Event: 5728.838 Thread 0x692b9288 DEOPT PACKING pc=0x05060020 sp=0x6c94f040
Event: 5728.838 Thread 0x692b9288 DEOPT UNPACKING pc=0x033a5587 sp=0x6c94eed8 mode 3
Event: 5728.843 Thread 0x692b9288 DEOPT PACKING pc=0x04c0596d sp=0x6c94ef00
Event: 5728.843 Thread 0x692b9288 DEOPT UNPACKING pc=0x033a5587 sp=0x6c94ed88 mode 3
Event: 5728.846 Thread 0x692ba250 DEOPT PACKING pc=0x049b83a6 sp=0x6c8bf110
Event: 5728.846 Thread 0x692ba250 DEOPT UNPACKING pc=0x033a5587 sp=0x6c8bef9c mode 3
Event: 5729.108 Thread 0x6b6b87d8 DEOPT PACKING pc=0x04b36aa1 sp=0x6a96e220
Event: 5729.108 Thread 0x6b6b87d8 DEOPT UNPACKING pc=0x033a5587 sp=0x6a96e094 mode 3
Event: 5729.145 Thread 0x6b6b87d8 DEOPT PACKING pc=0x049c652a sp=0x6a96e0e0
Event: 5729.145 Thread 0x6b6b87d8 DEOPT UNPACKING pc=0x033a5587 sp=0x6a96df60 mode 3
Event: 5729.204 Thread 0x692b9288 DEOPT PACKING pc=0x036b5696 sp=0x6c94f350
Event: 5729.204 Thread 0x692b9288 DEOPT UNPACKING pc=0x033a5587 sp=0x6c94f1cc mode 3
Event: 5729.258 Thread 0x692b9288 DEOPT PACKING pc=0x04b117fc sp=0x6c94f190
Event: 5729.258 Thread 0x692b9288 DEOPT UNPACKING pc=0x033a5587 sp=0x6c94f010 mode 3
Event: 5729.286 Thread 0x692b9288 DEOPT PACKING pc=0x03b8e8fc sp=0x6c94f2f0
Event: 5729.286 Thread 0x692b9288 DEOPT UNPACKING pc=0x033a5587 sp=0x6c94f170 mode 3
Event: 5729.363 Thread 0x692b9288 DEOPT PACKING pc=0x04c65ca1 sp=0x6c94f640
Event: 5729.363 Thread 0x692b9288 DEOPT UNPACKING pc=0x033a5587 sp=0x6c94f4d8 mode 3
Event: 5729.372 Thread 0x692b9288 DEOPT PACKING pc=0x05055df0 sp=0x6c94f5d0
Event: 5729.372 Thread 0x692b9288 DEOPT UNPACKING pc=0x033a5587 sp=0x6c94f484 mode 3

Classes unloaded (20 events):
Event: 5691.827 Thread 0x65416568 Unloading class 0x79c89328 'java_io_StringWriter$toString'
Event: 5691.827 Thread 0x65416568 Unloading class 0x79c78360 'java_util_List$size'
Event: 5691.827 Thread 0x65416568 Unloading class 0x79c64328 'java_lang_Integer$toString'
Event: 5691.827 Thread 0x65416568 Unloading class 0x79c34328 'java_lang_Boolean$toString'
Event: 5691.827 Thread 0x65416568 Unloading class 0x79c25ae0 'java/lang/invoke/LambdaForm$MH+0x79c25ae0'
Event: 5691.827 Thread 0x65416568 Unloading class 0x79c252a8 'java/lang/invoke/LambdaForm$MH+0x79c252a8'
Event: 5691.827 Thread 0x65416568 Unloading class 0x79c24270 'java/lang/invoke/LambdaForm$MH+0x79c24270'
Event: 5700.991 Thread 0x65416568 Unloading class 0x7c414688 'java/lang/invoke/LambdaForm$DMH+0x7c414688'
Event: 5700.991 Thread 0x65416568 Unloading class 0x7c3f1680 'java/lang/invoke/LambdaForm$DMH+0x7c3f1680'
Event: 5700.991 Thread 0x65416568 Unloading class 0x7c3f0280 'java/lang/invoke/LambdaForm$DMH+0x7c3f0280'
Event: 5726.773 Thread 0x65416568 Unloading class 0x7cf2c680 'java/lang/invoke/LambdaForm$DMH+0x7cf2c680'
Event: 5726.774 Thread 0x65416568 Unloading class 0x7c964650 'java/lang/invoke/LambdaForm$MH+0x7c964650'
Event: 5726.774 Thread 0x65416568 Unloading class 0x7c963688 'java/lang/invoke/LambdaForm$DMH+0x7c963688'
Event: 5726.774 Thread 0x65416568 Unloading class 0x7c962aa8 'java/lang/invoke/LambdaForm$DMH+0x7c962aa8'
Event: 5726.774 Thread 0x65416568 Unloading class 0x7c961688 'java/lang/invoke/LambdaForm$DMH+0x7c961688'
Event: 5726.774 Thread 0x65416568 Unloading class 0x7c9602a8 'java/lang/invoke/LambdaForm$DMH+0x7c9602a8'
Event: 5726.774 Thread 0x65416568 Unloading class 0x7c952e60 'java/lang/invoke/LambdaForm$MH+0x7c952e60'
Event: 5726.774 Thread 0x65416568 Unloading class 0x7c951e98 'java/lang/invoke/LambdaForm$DMH+0x7c951e98'
Event: 5726.774 Thread 0x65416568 Unloading class 0x7c950eb8 'java/lang/invoke/LambdaForm$DMH+0x7c950eb8'
Event: 5726.774 Thread 0x65416568 Unloading class 0x7c948e98 'java/lang/invoke/LambdaForm$DMH+0x7c948e98'

Classes redefined (0 events):
No events

Internal exceptions (20 events):
Event: 5718.904 Thread 0x6b6b87d8 Exception <a 'java/lang/IncompatibleClassChangeError'{0x0829cb88}: Found class java.lang.Object, but interface was expected> (0x0829cb88) 
thrown [s\src\hotspot\share\interpreter\linkResolver.cpp, line 826]
Event: 5718.977 Thread 0x692ba250 Exception <a 'java/lang/NoSuchMethodError'{0x07a1b0d8}: 'java.lang.Object java.lang.invoke.DirectMethodHandle$Holder.invokeSpecial(java.lang.Object, java.lang.Object, int, java.lang.Object, java.lang.Object)'> (0x07a1b0d8) 
thrown [s\src\hotspot\share\interpreter\linkResolver.cpp, line 759]
Event: 5719.317 Thread 0x692b9288 Exception <a 'java/lang/NoSuchMethodError'{0x0a5d93d0}: 'void java.lang.invoke.DirectMethodHandle$Holder.invokeStatic(java.lang.Object, java.lang.Object, java.lang.Object, java.lang.Object, java.lang.Object, java.lang.Object, java.lang.Object, java.lang.Object)'> (0x0a5d93d0) 
thrown [s\src\hotspot\share\interpreter\linkResolver.cpp, line 759]
Event: 5719.350 Thread 0x692b9288 Exception <a 'java/lang/IncompatibleClassChangeError'{0x0a772e50}: Found class java.lang.Object, but interface was expected> (0x0a772e50) 
thrown [s\src\hotspot\share\interpreter\linkResolver.cpp, line 826]
Event: 5720.398 Thread 0x692ba250 Exception <a 'java/lang/NoSuchMethodError'{0x08303c28}: 'int java.lang.invoke.DirectMethodHandle$Holder.invokeStatic(java.lang.Object, java.lang.Object, int, java.lang.Object)'> (0x08303c28) 
thrown [s\src\hotspot\share\interpreter\linkResolver.cpp, line 759]
Event: 5722.480 Thread 0x692ba250 Exception <a 'java/lang/NoSuchMethodError'{0x09ce15c8}: 'int java.lang.invoke.DirectMethodHandle$Holder.invokeSpecial(java.lang.Object, java.lang.Object, int, int)'> (0x09ce15c8) 
thrown [s\src\hotspot\share\interpreter\linkResolver.cpp, line 759]
Event: 5724.588 Thread 0x6b6b87d8 Exception <a 'java/lang/NoSuchMethodError'{0x0a1b0e90}: 'java.lang.Object java.lang.invoke.DirectMethodHandle$Holder.newInvokeSpecial(java.lang.Object, java.lang.Object, int, java.lang.Object, java.lang.Object, java.lang.Object)'> (0x0a1b0e90) 
thrown [s\src\hotspot\share\interpreter\linkResolver.cpp, line 759]
Event: 5724.589 Thread 0x6b6b87d8 Exception <a 'java/lang/NoSuchMethodError'{0x0a1b7fe8}: 'java.lang.Object java.lang.invoke.Invokers$Holder.linkToTargetMethod(java.lang.Object, int, java.lang.Object, java.lang.Object, java.lang.Object, java.lang.Object)'> (0x0a1b7fe8) 
thrown [s\src\hotspot\share\interpreter\linkResolver.cpp, line 759]
Event: 5724.592 Thread 0x6b6b87d8 Exception <a 'java/lang/NoSuchMethodError'{0x0a1c4420}: 'java.lang.Object java.lang.invoke.DirectMethodHandle$Holder.newInvokeSpecial(java.lang.Object, int, java.lang.Object, java.lang.Object)'> (0x0a1c4420) 
thrown [s\src\hotspot\share\interpreter\linkResolver.cpp, line 759]
Event: 5724.592 Thread 0x6b6b87d8 Exception <a 'java/lang/NoSuchMethodError'{0x0a1c7d40}: 'java.lang.Object java.lang.invoke.Invokers$Holder.linkToTargetMethod(int, java.lang.Object, java.lang.Object, java.lang.Object)'> (0x0a1c7d40) 
thrown [s\src\hotspot\share\interpreter\linkResolver.cpp, line 759]
Event: 5724.604 Thread 0x6b6b87d8 Exception <a 'java/lang/NoSuchMethodError'{0x0a204878}: 'void java.lang.invoke.DirectMethodHandle$Holder.invokeSpecial(java.lang.Object, java.lang.Object, java.lang.Object, int, java.lang.Object, java.lang.Object, java.lang.Object, java.lang.Object)'> (0x0a204878) 
thrown [s\src\hotspot\share\interpreter\linkResolver.cpp, line 759]
Event: 5725.429 Thread 0x692ba250 Exception <a 'java/lang/IncompatibleClassChangeError'{0x06ac8230}: Found class java.lang.Object, but interface was expected> (0x06ac8230) 
thrown [s\src\hotspot\share\interpreter\linkResolver.cpp, line 826]
Event: 5725.429 Thread 0x692b9288 Exception <a 'java/lang/IncompatibleClassChangeError'{0x06a3aee8}: Found class java.lang.Object, but interface was expected> (0x06a3aee8) 
thrown [s\src\hotspot\share\interpreter\linkResolver.cpp, line 826]
Event: 5725.998 Thread 0x692ba250 Exception <a 'java/lang/NoSuchMethodError'{0x08623830}: 'void java.lang.invoke.DirectMethodHandle$Holder.invokeVirtual(java.lang.Object, java.lang.Object, int)'> (0x08623830) 
thrown [s\src\hotspot\share\interpreter\linkResolver.cpp, line 759]
Event: 5726.048 Thread 0x692ba250 Exception <a 'java/lang/NoSuchMethodError'{0x08728b20}: 'int java.lang.invoke.DirectMethodHandle$Holder.invokeSpecial(java.lang.Object, java.lang.Object, java.lang.Object, int, java.lang.Object)'> (0x08728b20) 
thrown [s\src\hotspot\share\interpreter\linkResolver.cpp, line 759]
Event: 5726.048 Thread 0x692b9288 Exception <a 'java/lang/NoSuchMethodError'{0x086c7c38}: 'int java.lang.invoke.DirectMethodHandle$Holder.invokeSpecial(java.lang.Object, java.lang.Object, java.lang.Object, int, java.lang.Object)'> (0x086c7c38) 
thrown [s\src\hotspot\share\interpreter\linkResolver.cpp, line 759]
Event: 5726.129 Thread 0x692ba250 Exception <a 'java/lang/NoSuchMethodError'{0x08920b70}: 'int java.lang.invoke.DirectMethodHandle$Holder.invokeInterface(java.lang.Object, java.lang.Object, int)'> (0x08920b70) 
thrown [s\src\hotspot\share\interpreter\linkResolver.cpp, line 759]
Event: 5726.161 Thread 0x692ba250 Exception <a 'java/lang/NoSuchMethodError'{0x08a08ff0}: 'void java.lang.invoke.DirectMethodHandle$Holder.invokeStatic(java.lang.Object, int)'> (0x08a08ff0) 
thrown [s\src\hotspot\share\interpreter\linkResolver.cpp, line 759]
Event: 5727.628 Thread 0x692ba250 Exception <a 'java/lang/NoSuchMethodError'{0x0a650d08}: 'java.lang.Object java.lang.invoke.DirectMethodHandle$Holder.newInvokeSpecial(java.lang.Object, int, java.lang.Object, java.lang.Object, java.lang.Object, java.lang.Object)'> (0x0a650d08) 
thrown [s\src\hotspot\share\interpreter\linkResolver.cpp, line 759]
Event: 5729.155 Thread 0x6b6b87d8 Exception <a 'java/lang/IncompatibleClassChangeError'{0x065e0740}: Found class java.lang.Object, but interface was expected> (0x065e0740) 
thrown [s\src\hotspot\share\interpreter\linkResolver.cpp, line 826]

VM Operations (20 events):
Event: 5727.615 Executing VM operation: ICBufferFull
Event: 5727.615 Executing VM operation: ICBufferFull done
Event: 5727.729 Executing VM operation: GenCollectForAllocation
Event: 5727.737 Executing VM operation: GenCollectForAllocation done
Event: 5728.020 Executing VM operation: HandshakeAllThreads
Event: 5728.021 Executing VM operation: HandshakeAllThreads done
Event: 5728.043 Executing VM operation: GenCollectForAllocation
Event: 5728.049 Executing VM operation: GenCollectForAllocation done
Event: 5728.328 Executing VM operation: GenCollectForAllocation
Event: 5728.337 Executing VM operation: GenCollectForAllocation done
Event: 5728.815 Executing VM operation: GenCollectForAllocation
Event: 5728.829 Executing VM operation: GenCollectForAllocation done
Event: 5729.064 Executing VM operation: HandshakeAllThreads
Event: 5729.064 Executing VM operation: HandshakeAllThreads done
Event: 5729.156 Executing VM operation: HandshakeAllThreads
Event: 5729.156 Executing VM operation: HandshakeAllThreads done
Event: 5729.214 Executing VM operation: HandshakeAllThreads
Event: 5729.214 Executing VM operation: HandshakeAllThreads done
Event: 5729.412 Executing VM operation: HandshakeAllThreads
Event: 5729.412 Executing VM operation: HandshakeAllThreads done

Events (20 events):
Event: 5724.983 Thread 0x654470f0 flushing nmethod 0x04c62dc8
Event: 5724.983 Thread 0x654470f0 flushing nmethod 0x04c63608
Event: 5724.983 Thread 0x654470f0 flushing nmethod 0x04c639c8
Event: 5724.983 Thread 0x654470f0 flushing nmethod 0x04c63bc8
Event: 5724.983 Thread 0x654470f0 flushing nmethod 0x04c63dc8
Event: 5724.983 Thread 0x654470f0 flushing nmethod 0x04c64088
Event: 5724.983 Thread 0x654470f0 flushing nmethod 0x04c64288
Event: 5724.983 Thread 0x654470f0 flushing nmethod 0x04c64588
Event: 5724.983 Thread 0x654470f0 flushing nmethod 0x04c64908
Event: 5724.983 Thread 0x654470f0 flushing nmethod 0x04c64b48
Event: 5724.983 Thread 0x654470f0 flushing nmethod 0x04c65e88
Event: 5724.987 Thread 0x654470f0 flushing nmethod 0x04e3c208
Event: 5724.987 Thread 0x654470f0 flushing nmethod 0x04e3dd08
Event: 5724.988 Thread 0x654470f0 flushing nmethod 0x04eb6648
Event: 5724.988 Thread 0x654470f0 flushing nmethod 0x04eb6d08
Event: 5724.988 Thread 0x654470f0 flushing nmethod 0x04f29ac8
Event: 5724.988 Thread 0x654470f0 flushing nmethod 0x04f29e08
Event: 5724.989 Thread 0x654470f0 flushing nmethod 0x04f89fc8
Event: 5724.989 Thread 0x654470f0 flushing nmethod 0x04f9e748
Event: 5724.990 Thread 0x654470f0 flushing nmethod 0x0504b808


Dynamic libraries:
0x006f0000 - 0x006fc000 	C:\Users\Ahmad\.bubblewrap\jdk\jdk-17.0.11+9\bin\java.exe
0x76fc0000 - 0x77165000 	C:\Windows\SYSTEM32\ntdll.dll
0x76830000 - 0x76920000 	C:\Windows\System32\KERNEL32.DLL
0x765f0000 - 0x76829000 	C:\Windows\System32\KERNELBASE.dll
0x74d20000 - 0x74dc4000 	C:\Windows\SYSTEM32\apphelp.dll
0x75fd0000 - 0x760f0000 	C:\Windows\System32\ucrtbase.dll
0x6cc60000 - 0x6cc74000 	C:\Users\Ahmad\.bubblewrap\jdk\jdk-17.0.11+9\bin\VCRUNTIME140.dll
0x6cc80000 - 0x6cc95000 	C:\Users\Ahmad\.bubblewrap\jdk\jdk-17.0.11+9\bin\jli.dll
0x75a90000 - 0x75c2d000 	C:\Windows\System32\USER32.dll
0x765d0000 - 0x765e8000 	C:\Windows\System32\win32u.dll
0x75a60000 - 0x75a83000 	C:\Windows\System32\GDI32.dll
0x76100000 - 0x761e8000 	C:\Windows\System32\gdi32full.dll
0x678e0000 - 0x67af1000 	C:\Windows\WinSxS\x86_microsoft.windows.common-controls_6595b64144ccf1df_6.0.19041.7663_none_a86723e286713599\COMCTL32.dll
0x76ae0000 - 0x76b9f000 	C:\Windows\System32\msvcrt.dll
0x76520000 - 0x7659b000 	C:\Windows\System32\msvcp_win.dll
0x74e90000 - 0x74eb5000 	C:\Windows\System32\IMM32.DLL
0x6ac40000 - 0x6acad000 	C:\Users\Ahmad\.bubblewrap\jdk\jdk-17.0.11+9\bin\msvcp140.dll
0x673a0000 - 0x678d4000 	C:\Users\Ahmad\.bubblewrap\jdk\jdk-17.0.11+9\bin\client\jvm.dll
0x76a60000 - 0x76ade000 	C:\Windows\System32\ADVAPI32.dll
0x761f0000 - 0x76268000 	C:\Windows\System32\sechost.dll
0x76c20000 - 0x76cdf000 	C:\Windows\System32\RPCRT4.dll
0x765b0000 - 0x765c9000 	C:\Windows\System32\bcrypt.dll
0x6fd90000 - 0x6fdd4000 	C:\Windows\SYSTEM32\POWRPROF.dll
0x72b50000 - 0x72b78000 	C:\Windows\SYSTEM32\WINMM.dll
0x74500000 - 0x74508000 	C:\Windows\SYSTEM32\VERSION.dll
0x6cc50000 - 0x6cc58000 	C:\Windows\SYSTEM32\WSOCK32.dll
0x75c30000 - 0x75c93000 	C:\Windows\System32\WS2_32.dll
0x6fd80000 - 0x6fd8d000 	C:\Windows\SYSTEM32\UMPDC.dll
0x743c0000 - 0x743cf000 	C:\Windows\SYSTEM32\kernel.appcore.dll
0x6cc40000 - 0x6cc49000 	C:\Users\Ahmad\.bubblewrap\jdk\jdk-17.0.11+9\bin\jimage.dll
0x72d40000 - 0x72eeb000 	C:\Windows\SYSTEM32\DBGHELP.DLL
0x72480000 - 0x724ab000 	C:\Windows\SYSTEM32\dbgcore.DLL
0x76ce0000 - 0x76d3f000 	C:\Windows\System32\bcryptPrimitives.dll
0x68ed0000 - 0x68edd000 	C:\Users\Ahmad\.bubblewrap\jdk\jdk-17.0.11+9\bin\instrument.dll
0x6ac10000 - 0x6ac31000 	C:\Users\Ahmad\.bubblewrap\jdk\jdk-17.0.11+9\bin\java.dll
0x75480000 - 0x75a5c000 	C:\Windows\System32\SHELL32.dll
0x724d0000 - 0x72af1000 	C:\Windows\SYSTEM32\windows.storage.dll
0x762a0000 - 0x7651f000 	C:\Windows\System32\combase.dll
0x71830000 - 0x71855000 	C:\Windows\SYSTEM32\Wldp.dll
0x75e40000 - 0x75edc000 	C:\Windows\System32\OLEAUT32.dll
0x753f0000 - 0x75477000 	C:\Windows\System32\SHCORE.dll
0x75d90000 - 0x75dd9000 	C:\Windows\System32\shlwapi.dll
0x71810000 - 0x7182c000 	C:\Windows\SYSTEM32\profapi.dll
0x690f0000 - 0x69106000 	C:\Users\Ahmad\.bubblewrap\jdk\jdk-17.0.11+9\bin\zip.dll
0x6adb0000 - 0x6adc4000 	C:\Users\Ahmad\.bubblewrap\jdk\jdk-17.0.11+9\bin\net.dll
0x6ec80000 - 0x6ed4b000 	C:\Windows\SYSTEM32\WINHTTP.dll
0x743d0000 - 0x74422000 	C:\Windows\system32\mswsock.dll
0x69110000 - 0x69122000 	C:\Users\Ahmad\.bubblewrap\jdk\jdk-17.0.11+9\bin\nio.dll
0x690e0000 - 0x690ed000 	C:\Users\Ahmad\.bubblewrap\jdk\jdk-17.0.11+9\bin\verify.dll
0x67380000 - 0x673a0000 	C:\Users\Ahmad\.gradle\native\c067742578af261105cb4f569cf0c3c89f3d7b1fecec35dd04571415982c5e48\windows-i386\native-platform.dll
0x67290000 - 0x67380000 	C:\Users\Ahmad\.gradle\native\100fb08df4bc3b14c8652ba06237920a3bd2aa13389f12d3474272988ae205f9\windows-i386\native-platform-file-events.dll
0x690d0000 - 0x690d8000 	C:\Users\Ahmad\.bubblewrap\jdk\jdk-17.0.11+9\bin\management.dll
0x690c0000 - 0x690c9000 	C:\Users\Ahmad\.bubblewrap\jdk\jdk-17.0.11+9\bin\management_ext.dll
0x76290000 - 0x76296000 	C:\Windows\System32\PSAPI.DLL
0x6f2f0000 - 0x6f303000 	C:\Windows\SYSTEM32\CRYPTSP.dll
0x6f2a0000 - 0x6f2d1000 	C:\Windows\system32\rsaenh.dll
0x72b80000 - 0x72ba5000 	C:\Windows\SYSTEM32\USERENV.dll
0x72460000 - 0x7246a000 	C:\Windows\SYSTEM32\CRYPTBASE.dll
0x74430000 - 0x74462000 	C:\Windows\SYSTEM32\IPHLPAPI.DLL
0x760f0000 - 0x760f7000 	C:\Windows\System32\NSI.dll
0x6ec60000 - 0x6ec74000 	C:\Windows\SYSTEM32\dhcpcsvc6.DLL
0x6ec40000 - 0x6ec57000 	C:\Windows\SYSTEM32\dhcpcsvc.DLL
0x72c00000 - 0x72c92000 	C:\Windows\SYSTEM32\DNSAPI.dll
0x690b0000 - 0x690b6000 	C:\Users\Ahmad\.bubblewrap\jdk\jdk-17.0.11+9\bin\extnet.dll
0x68c90000 - 0x68c9b000 	C:\Users\Ahmad\.bubblewrap\jdk\jdk-17.0.11+9\bin\sunmscapi.dll
0x76eb0000 - 0x76faf000 	C:\Windows\System32\CRYPT32.dll
0x6cdc0000 - 0x6cde1000 	C:\Windows\SYSTEM32\ncrypt.dll
0x6cf40000 - 0x6cf68000 	C:\Windows\SYSTEM32\NTASN1.dll
0x6cea0000 - 0x6cea6000 	C:\Windows\system32\wshunix.dll
0x6e7d0000 - 0x6e7f9000 	C:\Windows\SYSTEM32\ntmarta.dll

dbghelp: loaded successfully - version: 4.0.5 - missing functions: none
symbol engine: initialized successfully - sym options: 0x614 - pdb path: .;C:\Users\Ahmad\.bubblewrap\jdk\jdk-17.0.11+9\bin;C:\Windows\SYSTEM32;C:\Windows\WinSxS\x86_microsoft.windows.common-controls_6595b64144ccf1df_6.0.19041.7663_none_a86723e286713599;C:\Users\Ahmad\.bubblewrap\jdk\jdk-17.0.11+9\bin\client;C:\Users\Ahmad\.gradle\native\c067742578af261105cb4f569cf0c3c89f3d7b1fecec35dd04571415982c5e48\windows-i386;C:\Users\Ahmad\.gradle\native\100fb08df4bc3b14c8652ba06237920a3bd2aa13389f12d3474272988ae205f9\windows-i386

VM Arguments:
jvm_args: --add-opens=java.base/java.lang=ALL-UNNAMED --add-opens=java.base/java.lang.invoke=ALL-UNNAMED --add-opens=java.base/java.util=ALL-UNNAMED --add-opens=java.prefs/java.util.prefs=ALL-UNNAMED --add-exports=jdk.compiler/com.sun.tools.javac.api=ALL-UNNAMED --add-exports=jdk.compiler/com.sun.tools.javac.util=ALL-UNNAMED --add-opens=java.base/java.util=ALL-UNNAMED --add-opens=java.prefs/java.util.prefs=ALL-UNNAMED --add-opens=java.base/java.nio.charset=ALL-UNNAMED --add-opens=java.base/java.net=ALL-UNNAMED --add-opens=java.base/java.util.concurrent.atomic=ALL-UNNAMED --add-opens=java.xml/javax.xml.namespace=ALL-UNNAMED -Xmx1536m -Dfile.encoding=windows-1252 -Duser.country=US -Duser.language=en -Duser.variant -javaagent:C:\Users\Ahmad\.gradle\wrapper\dists\gradle-8.11.1-bin\bpt9gzteqjrbo1mjrsomdt32c\gradle-8.11.1\lib\agents\gradle-instrumentation-agent-8.11.1.jar 
java_command: org.gradle.launcher.daemon.bootstrap.GradleDaemon 8.11.1
java_class_path (initial): C:\Users\Ahmad\.gradle\wrapper\dists\gradle-8.11.1-bin\bpt9gzteqjrbo1mjrsomdt32c\gradle-8.11.1\lib\gradle-daemon-main-8.11.1.jar
Launcher Type: SUN_STANDARD

[Global flags]
     intx CICompilerCount                          = 1                                         {product} {ergonomic}
    uintx CodeCacheExpansionSize                   = 32768                                  {pd product} {ergonomic}
    uintx InitialCodeCacheSize                     = 163840                                 {pd product} {ergonomic}
   size_t InitialHeapSize                          = 16777216                                  {product} {ergonomic}
   size_t MaxHeapSize                              = 1610612736                                {product} {command line}
   size_t MaxNewSize                               = 536870912                                 {product} {ergonomic}
   size_t MinHeapDeltaBytes                        = 131072                                    {product} {ergonomic}
   size_t MinHeapSize                              = 6291456                                   {product} {ergonomic}
     bool NeverActAsServerClassMachine             = true                                   {pd product} {ergonomic}
   size_t NewSize                                  = 5570560                                   {product} {ergonomic}
    uintx NonNMethodCodeHeapSize                   = 5242880                                {pd product} {ergonomic}
    uintx NonProfiledCodeHeapSize                  = 0                                      {pd product} {ergonomic}
   size_t OldSize                                  = 11206656                                  {product} {ergonomic}
     bool ProfileInterpreter                       = false                                  {pd product} {ergonomic}
    uintx ProfiledCodeHeapSize                     = 0                                      {pd product} {ergonomic}
    uintx ReservedCodeCacheSize                    = 33554432                               {pd product} {ergonomic}
   size_t SoftMaxHeapSize                          = 1610612736                             {manageable} {ergonomic}
     bool UseLargePagesIndividualAllocation        = false                                  {pd product} {ergonomic}
     bool UseSerialGC                              = true                                      {product} {ergonomic}

Logging:
Log output configuration:
 #0: stdout all=warning uptime,level,tags
 #1: stderr all=off uptime,level,tags

Environment Variables:
JAVA_HOME=C:\Users\Ahmad\.bubblewrap\jdk\jdk-17.0.11+9\
CLASSPATH=E:\studyverse-ai - Copy\\gradle\wrapper\gradle-wrapper.jar
PATH=C:\Users\Ahmad\.bubblewrap\jdk\jdk-17.0.11+9\bin;C:\Users\Ahmad\bin;C:\Program Files\Git\mingw64\bin;C:\Program Files\Git\usr\local\bin;C:\Program Files\Git\usr\bin;C:\Program Files\Git\usr\bin;C:\Program Files\Git\cmd;C:\Windows\system32;C:\Windows;C:\Windows\System32\Wbem;C:\Windows\System32\WindowsPowerShell\v1.0;C:\Windows\System32\OpenSSH;D:\C\Git\cmd;C:\Program Files\MongoDB\Server\8.0\bin\mongod.exe;C:\Program Files\dotnet;C:\Program Files\nodejs;C:\Users\Ahmad\AppData\Local\Programs\Python\Python312\Scripts;C:\Users\Ahmad\AppData\Local\Programs\Python\Python312;C:\Users\Ahmad\AppData\Local\Programs\Python\Python311\Scripts;C:\Users\Ahmad\AppData\Local\Programs\Python\Python311;C:\Users\Ahmad\AppData\Local\Microsoft\WindowsApps;C:\Users\Ahmad\AppData\Local\Programs\Microsoft VS Code\bin;C:\Users\Ahmad\AppData\Local\Programs\Hyper\resources\bin;D:\Program Files\heroku\bin;D:\C\Hyper\resources\bin;C:\Users\Ahmad\AppData\Local\Programs\mongosh;C:\Users\Ahmad\AppData\Roaming\npm;C:\Users\Ahmad\AppData\Local\GitHubDesktop\bin;C:\Program Files\Git\usr\bin\vendor_perl;C:\Program Files\Git\usr\bin\core_perl
USERNAME=Ahmad
SHELL=C:\Program Files\Git\usr\bin\bash.exe
DISPLAY=needs-to-be-defined
LANG=en_US.UTF-8
TERM=cygwin
TMPDIR=C:\Users\Ahmad\AppData\Local\Temp
OS=Windows_NT
PROCESSOR_IDENTIFIER=Intel64 Family 6 Model 78 Stepping 3, GenuineIntel
TMP=C:\Users\Ahmad\AppData\Local\Temp
TEMP=C:\Users\Ahmad\AppData\Local\Temp



Periodic native trim disabled


---------------  S Y S T E M  ---------------

OS:
 Windows 10 , 64 bit Build 19041 (10.0.19041.7663)
OS uptime: 0 days 8:47 hours

CPU: total 4 (initial active 4) (2 cores per cpu, 2 threads per core) family 6 model 78 stepping 3 microcode 0xcc, cx8, cmov, fxsr, ht, mmx, 3dnowpref, sse, sse2, sse3, ssse3, sse4.1, sse4.2, popcnt, lzcnt, tsc, tscinvbit, avx, avx2, aes, erms, clmul, bmi1, bmi2, adx, fma, vzeroupper, clflush, clflushopt
Processor Information for all 4 processors :
  Max Mhz: 2400, Current Mhz: 2300, Mhz Limit: 2280

Memory: 4k page, system-wide physical 8072M (62M free)
TotalPageFile size 27528M (AvailPageFile size 6515M), user-mode portion of virtual address-space 2047M (173M free)
current process WorkingSet (physical memory assigned to process): 572M, peak: 572M
current process commit charge ("private bytes"): 631M, peak: 631M

vm_info: OpenJDK Client VM (17.0.11+9) for windows-x86 JRE (17.0.11+9), built on Apr 18 2024 18:23:17 by "admin" with MS VC++ 16.10 / 16.11 (VS2019)

END.
